offsets d such that p = 2^16384-d is prime, and p = 11 (mod 12), so it
covers only 1/4 of the possible primes.  Of the 12947 numbers, only 2
have (p-1)/2 also prime, making them safe primes: 364486013 487973609.


99125
107609
115673
134357
134705
134729
160109
184217
190925
212609
323657
434225
463205
469565
499313
526517
528989
540893
549017
605057
616505
623633
684125
711773
864557
867677
870269
883265
899945
914177
918809
1042313
1142093
1169693
1191725
1284485
1441217
1457897
1495277
1532933
1571777
1632929
1653713
1696169
1728233
1829237
1837025
1849529
1856285
1858253
1897577
2021645
2051225
2085689
2098565
2102057
2216585
2218877
2308037
2373077
2379353
2455193
2469269
2503709
2585873
2636813
2665409
2738417
2790893
2799773
2811449
2860469
2877713
2898293
2959685
2960825
3035525
3071729
3093473
3101117
3114917
3125609
3173309
3188525
3203189
3296585
3307337
3373697
3513089
3528377
3549005
3554465
3639005
3650357
3657317
3695033
3769409
3784397
3793409
3934409
4183277
4255277
4401089
4403993
4432085
4465049
4466285
4487789
4547549
4641797
4642505
4660985
4701437
4710389
4715093
4752497
4783913
4827533
4893269
4934873
4983305
5055653
5121389
5130209
5136473
5138453
5212865
5214413
5225993
5247365
5288417
5293013
5299073
5309765
5362913
5384729
5398517
5414417
5490629
5529077
5580197
5580725
5622473
5633513
5638997
5790497
5795969
5872865
5882957
5920673
5935877
5970353
6041729
6076673
6198617
6225953
6257405
6280313
6285857
6299549
6318233
6318725
6460553
6688325
6712133
6713297
6787505
6877433
6923393
6941333
7107005
7131905
7136825
7172537
7226993
7241813
7294445
7298357
7364657
7412105
7419485
7447397
7447865
7460333
7602497
7602509
7744769
7766069
7823609
7827593
7866473
7891637
7917293
7931477
7970369
7973489
8009453
8011685
8016965
8020205
8040689
8061749
8121713
8170709
8173913
8187989
8212985
8294669
8307485
8392949
8402609
8593049
8744117
8750393
8773553
8782073
8887673
8947457
8954477
8975789
9138773
9183233
9187433
9188345
9247325
9369605
9406445
9475985
9496025
9503765
9532769
9565025
9620849
9628409
9629873
9638657
9652913
9720653
9836237
9986789
9998189
10201733
10245065
10320749
10352909
10402313
10424933
10470197
10560677
10574513
10619297
10674725
10704953
10759673
10826705
10869653
10947809
10963313
11031809
11065949
11069897
11070665
11150873
11172389
11278805
11282825
11345849
11399405
11571893
11691317
11705945
11706149
11712533
11731493
11821313
11912765
11921045
11938505
11980373
11986745
11993537
12016277
12108209
12147845
12262709
12271469
12284597
12332705
12388505
12416429
12420485
12453005
12479177
12584057
12584297
12586769
12628925
12672569
12811553
12870113
12893045
12955997
12972413
13098797
13124093
13143329
13150709
13202297
13241693
13247429
13249829
13309733
13335773
13370573
13406069
13434845
13444457
13445093
13463489
13505297
13547153
13576385
13626809
13649609
13671329
13719473
13765577
13778309
13856345
13885205
13927697
14114537
14131877
14144777
14160497
14163749
14187509
14260805
14372573
14433557
14455445
14459969
14463713
14477933
14516129
14703569
14705789
14709869
14748005
14795429
14801333
14816033
14873057
14875925
14901605
14926877
15022745
15052997
15105173
15129917
15217469
15218957
15271889
15302729
15304145
15326009
15348329
15391013
15419369
15439793
15584885
15646637
15711377
15721817
15723245
15766925
15775109
15790685
15849485
15912833
15933665
15947393
16028045
16061993
16068377
16126289
16174913
16203485
16222253
16242317
16267109
16314593
16342697
16405073
16488965
16596125
16636253
16667477
16918769
16934513
16937897
17092925
17109389
17188997
17201465
17293697
17337425
17358257
17477453
17496773
17497577
17503973
17542337
17547725
17565677
17687597
17705045
17759777
17847737
17897969
17919329
17935145
18054593
18119297
18146369
18148073
18165269
18186029
18277349
18296213
18344465
18389069
18488153
18502637
18572177
18581549
18650477
18655229
18750929
18791753
18813269
18821285
18821405
18869873
18946205
18991013
18993845
19002317
19043717
19082237
19088249
19121117
19201577
19227173
19259285
19274225
19274573
19289513
19295093
19317929
19325129
19326329
19329245
19398137
19405265
19444757
19535033
19555385
19575233
19620329
19690025
19954673
20073593
20145305
20163305
20188445
20282945
20317073
20396417
20444285
20492069
20688473
20854529
20897657
20935037
20954669
20998649
21062357
21067697
21139565
21177329
21254177
21327389
21339689
21406697
21465857
21544589
21734189
21741605
21873797
22011077
22107533
22247333
22249349
22314485
22366517
22381937
22390697
22524317
22573949
22584329
22660625
22666493
22682849
22748285
22810733
22851497
22859789
22966913
22993829
23016377
23118365
23147369
23172953
23240477
23357969
23528525
23591897
23597045
23610665
23629745
23662205
23684057
23761517
23775197
23777873
23830037
23833733
23880737
23942225
23968133
23994425
23995517
24052973
24138329
24145733
24192377
24216209
24352457
24355097
24367277
24421265
24436397
24441497
24583409
24664913
24709529
24726737
24755225
24756905
24758465
24767345
24768197
24805649
24812057
24949205
25013033
25061777
25157153
25170509
25228097
25229585
25463513
25492817
25493453
25585217
25621769
25634993
25719113
25759229
25777289
25847885
25856177
25875317
25891865
26012645
26030705
26053889
26054237
26129597
26260493
26269157
26269253
26343005
26343173
26422889
26462033
26575025
26593085
26614673
26619173
26623433
26645405
26692217
26712785
26730245
26767709
26803157
26807789
26817545
26830205
26959517
26981249
26992337
26995685
27011657
27205505
27333857
27345245
27410813
27426449
27516569
27538469
27602489
27604049
27659933
27688613
27761465
27806237
27943697
28050413
28074665
28196753
28214393
28233449
28415945
28497545
28545713
28594649
28599173
28618913
28628393
28643405
28763249
28764893
28854665
28858865
28873877
28985573
29069285
29076857
29192909
29259773
29321093
29346917
29393753
29412137
29435117
29474645
29494469
29535713
29549993
29555393
29600117
29675933
29759969
29795753
29811053
29817725
29875157
29925437
29960669
29966969
30033185
30034733
30070073
30071789
30094349
30114725
30129149
30131837
30158369
30331613
30360257
30374849
30391049
30514145
30606245
30613733
30623729
30642629
30655733
30663305
30776369
30825389
30828677
30833597
30848177
30851777
30893729
30908885
30916397
30968237
30990005
31061645
31099109
31150973
31158317
31202657
31204289
31225673
31232405
31261289
31289693
31300757
31393145
31424069
31442345
31456697
31460477
31484225
31560005
31583969
31681277
31692065
31697117
31705505
31743053
31791389
31809737
31894589
31933037
31934777
32022257
32062685
32090645
32094077
32101853
32219345
32334365
32382713
32508029
32544533
32549573
32578853
32590313
32601605
32648465
32667605
32738693
32752517
32794577
32891957
32911925
32952269
33047309
33107273
33116357
33151373
33151445
33169805
33179885
33186737
33197357
33221189
33238409
33341369
33357749
33430817
33472577
33482513
33517685
33564653
33639353
33720245
33754085
33756197
33773477
33827717
33864149
33894953
33941789
33971537
33987713
34010177
34033409
34126289
34138709
34185665
34216817
34221185
34221557
34254473
34279385
34335029
34390445
34458305
34474733
34478225
34488269
34558205
34618517
34735313
34743485
34817489
34856225
34912097
34918649
34935089
34940153
35076749
35083073
35144105
35169197
35310425
35324309
35432873
35522969
35605829
35628857
35652797
35716217
35786177
35842133
35861537
35881529
35922629
35941685
35973365
35991809
36029777
36085313
36122885
36141533
36152885
36161165
36167825
36257597
36279305
36408257
36539009
36545009
36548225
36570905
36603425
36747737
36780869
36800669
36810425
36843737
36877697
36896069
36923873
36947525
37060685
37074293
37076585
37238837
37255469
37344965
37414373
37443029
37612109
37620569
37641149
37740713
37769465
37825877
37906505
38106125
38150813
38202065
38271833
38365493
38373017
38401565
38401829
38468909
38501285
38551637
38602709
38614925
38691629
38751233
38755505
38839829
38926625
39019457
39146729
39294365
39300785
39324713
39337949
39369653
39390053
39462353
39541337
39564965
39583793
39716393
39742409
39787145
39858353
39883169
39903197
39944573
40058765
40063337
40088489
40137185
40154345
40179305
40185989
40216277
40306229
40359173
40402397
40446077
40551929
40578053
40637309
40697633
40713365
40768649
40912373
40919417
40950665
41010317
41207297
41213285
41223449
41306933
41312669
41312765
41328473
41354873
41383493
41419577
41460605
41463917
41476133
41565209
41595797
41627285
41641277
41654333
41847713
41900297
41949545
42004625
42175685
42421169
42450569
42612617
42673865
42734753
42790637
42795605
42831605
42906533
42915689
42960893
42979193
43079765
43121489
43134389
43165637
43259669
43285253
43332113
43370429
43422089
43504025
43546193
43587317
43928573
43929653
43955645
44023997
44132705
44151569
44197517
44262953
44371289
44450537
44465729
44484185
44628245
44659073
44825897
44840753
44849105
44903957
44943905
45051137
45071153
45253649
45276449
45285677
45353945
45355289
45494369
45631565
45672053
45751649
45825533
45832265
45950033
46011173
46024613
46076117
46230197
46297457
46303673
46328825
46379717
46448345
46461617
46564397
46586837
46759397
46780457
46796369
46862165
46875857
46970453
46993649
47009369
47011913
47070497
47078009
47082617
47093885
47155265
47163857
47191913
47251169
47252345
47342489
47401229
47580125
47613425
47673293
47688113
47772317
47784449
47866817
47911049
47918489
47949089
47983517
48010973
48030497
48031397
48038093
48176393
48195785
48267629
48290393
48309653
48332249
48369497
48460625
48577733
48713129
48741497
48812837
48844913
48903077
48962333
48987737
49023605
49025513
49052597
49067357
49125005
49143893
49168325
49412345
49434113
49526489
49578953
49591685
49613249
49615613
49698029
49758233
49780133
49818353
49826489
49877177
49881173
49902233
49935017
49935989
50013689
50233553
50319473
50336873
50380985
50414945
50442377
50466017
50506013
50561105
50646065
50680757
50696873
50720057
50795213
50864105
50874113
51028745
51053105
51122909
51130673
51135125
51150845
51153005
51161645
51169985
51205649
51215273
51217433
51255065
51313253
51350045
51360449
51450953
51533297
51575525
51598565
51639893
51762149
51920405
51990797
51993845
52005269
52132073
52235477
52307093
52339025
52393817
52507145
52508237
52552457
52653245
52701365
52775153
52823405
52887365
52927109
52933073
52933913
52934957
53044157
53086685
53186729
53202257
53213369
53216345
53255117
53295917
53299313
53385857
53524889
53526077
53666465
53670257
53722145
53731949
53863145
53906045
53917973
53972273
54031205
54087605
54113045
54167009
54270929
54443645
54525653
54526589
54560705
54661277
54711053
54772805
54807137
54898865
54906305
54924713
54957185
54997529
55035617
55078997
55150577
55161209
55239125
55322945
55340969
55403669
55424633
55506605
55520345
55526765
55553429
55635209
55724093
55756217
55773497
55829165
55833077
55851785
55855853
55909613
55978613
56015453
56017409
56032313
56078189
56203073
56208473
56306333
56310209
56338553
56408213
56412269
56496545
56522813
56598725
56620793
56666957
56755745
56811473
56827625
56842397
56867705
56915957
56968145
57001733
57002237
57008069
57042665
57044417
57087653
57101873
57103109
57115205
57141257
57161933
57203609
57205217
57254729
57271277
57283145
57309965
57353633
57357557
57458489
57566297
57735425
57768905
57812273
57815885
57836105
57866189
57981113
57989957
58063937
58066229
58082153
58111133
58230017
58234193
58234889
58266437
58292177
58367453
58432529
58471085
58527509
58569113
58581449
58689209
58729385
58738097
58884089
58919873
58965149
59031497
59213657
59226257
59233889
59278757
59293409
59299133
59300837
59306069
59330597
59386289
59513189
59646293
59695205
59737193
59769233
59805017
59830697
59842553
59899517
59909969
59967317
59972765
59980289
60012113
60034157
60048089
60119573
60152825
60358049
60469937
60515633
60521045
60691433
60721253
60814505
60818957
60825485
60899273
60959309
60981149
61048373
61103873
61146809
61154609
61178165
61225997
61253525
61362557
61516169
61574993
61576469
61716653
61772609
61826657
61853285
61861745
61864037
61982369
62030069
62051825
62142125
62177777
62218397
62276705
62330657
62382389
62458649
62491157
62491793
62561309
62568209
62784869
62799569
62864849
62872313
62880797
62976305
63125933
63149393
63150353
63165017
63232649
63235313
63270029
63301517
63316697
63378797
63565097
63611357
63625685
63640553
63692789
63751997
63753533
63986717
64010093
64010177
64182713
64352165
64441097
64526537
64541393
64555709
64573517
64575845
64582829
64586465
64592273
64637513
64712525
64782665
64829393
64833929
64846289
64905629
64975853
64991573
65030105
65061293
65066873
65193965
65213009
65259653
65348225
65362685
65396357
65486825
65507993
65524229
65535593
65540189
65732225
65784893
65911145
65991449
66019757
66069125
66169265
66191105
66238493
66295457
66348317
66351773
66428009
66479909
66578945
66633329
66642485
66672173
66722669
66738497
66769073
66799013
66802685
66823277
66881849
66904493
66910589
66925229
67024037
67041845
67063745
67086977
67238045
67272317
67280717
67285205
67285985
67312049
67423469
67426769
67452893
67482029
67506365
67528409
67537385
67782233
67896293
67909829
67984925
68047097
68071493
68087657
68095013
68099525
68143709
68169329
68286317
68297825
68337629
68338229
68350457
68514725
68524889
68552009
68622617
68627489
68651045
68654177
68665649
68673329
68723213
68751437
68765357
68771057
68772053
68791133
68801297
68810585
68845517
68903633
68916725
68945105
68952929
68973545
69171953
69221813
69247193
69315125
69322625
69402269
69407213
69407657
69531437
69539513
69703193
69882305
69888377
70068869
70093433
70167209
70174193
70289597
70309589
70353437
70389089
70583453
70629737
70681889
70709945
70715645
70772789
70811165
70921985
70934897
71101577
71194613
71275625
71382605
71439185
71442857
71467037
71483117
71561213
71600729
71611265
71635997
71674709
71726633
71734373
71767193
71898197
71973017
72018797
72028433
72093617
72097277
72119597
72207233
72219005
72254525
72259913
72375425
72378233
72404753
72414965
72442145
72474545
72502913
72563789
72593177
72609893
72675929
72715949
72748997
72785825
72850385
72865805
72894137
72923369
72973025
72979925
72990749
73037285
73078685
73125533
73288577
73318097
73360049
73619645
73635497
73737437
73753673
73787273
73791917
73839329
73883669
74022917
74066105
74081165
74103509
74137865
74139737
74159477
74167073
74240153
74354789
74395145
74422733
74469305
74507417
74579645
74600753
74616209
74749325
74836265
74903693
74924585
75060545
75095705
75118589
75131405
75198929
75264977
75355025
75366449
75382265
75454625
75530957
75583133
75643673
75644477
75697889
75710033
75739985
75802709
75852473
75891497
75910685
75936113
75945293
76019537
76045109
76064033
76183265
76203965
76233185
76313717
76433657
76497845
76640849
76654277
76659569
76710185
76735853
76772189
76786085
76840877
76848509
76862213
77000573
77012429
77041985
77069357
77149457
77154173
77154749
77213657
77232569
77248625
77414897
77436377
77448473
77452385
77517305
77567105
77568473
77665493
77689037
77814653
77839649
77887517
77892605
77895065
77908817
78003197
78009725
78030905
78140357
78149753
78187793
78236225
78242573
78264065
78294833
78329849
78380573
78413165
78416465
78434285
78457709
78471977
78475397
78545909
78557057
78606605
78608465
78681173
78688337
78705905
78732209
78784013
78794825
78836369
78877733
78893333
78911657
78956693
78978785
78980009
78984725
79011005
79092389
79111253
79151093
79153757
79166693
79222193
79310285
79325693
79353545
79532093
79555757
79571525
79758377
79955393
79999613
80060933
80080385
80094893
80098109
80132309
80138489
80148449
80155733
80170037
80209577
80240105
80240117
80267669
80338445
80382545
80385077
80387789
80407865
80436557
80438873
80467877
80485433
80680325
80733509
80793185
80827349
80961425
80967629
80993465
80996273
81008417
81101237
81115613
81135305
81175637
81176789
81304409
81338489
81343865
81346289
81370493
81371777
81412409
81462473
81482297
81523613
81573089
81613745
81659453
81669893
81673385
81713957
81740585
81761609
81881357
81957929
82027865
82096505
82104449
82147685
82155977
82251065
82257053
82264949
82273913
82282565
82351085
82354877
82366385
82390853
82410605
82418753
82478777
82565069
82658849
82781753
82796117
82841717
82862009
82879805
82885625
82910933
82972133
83129165
83169797
83257793
83262413
83471549
83508737
83550893
83559893
83592689
83661653
83732897
83748113
83777405
83787977
83886425
83919629
83931953
83952293
84013025
84050417
84058673
84101393
84253589
84287129
84345293
84436169
84535073
84559433
84588977
84604493
84629177
84664697
84707645
84769157
84769193
84850433
84867749
84879053
84885209
84889349
84899969
84953429
85009505
85021697
85035737
85121753
85123085
85141829
85163033
85166105
85246997
85248713
85259789
85261565
85341977
85375745
85408145
85411253
85413185
85463309
85463477
85563017
85607705
85635953
85724789
85792313
85875737
85907909
86035529
86040749
86095877
86097233
86130917
86148665
86200925
86209949
86280005
86282525
86418233
86463137
86474933
86475473
86483453
86500769
86508857
86538449
86585105
86626973
86712605
86735849
86895485
86919245
86969933
86990189
87030917
87110525
87219377
87295025
87310649
87440189
87518705
87534257
87553457
87607253
87698609
87707885
87738857
87826493
87874709
87917045
88001393
88071737
88088645
88126877
88165025
88241093
88255829
88296005
88316873
88404029
88524905
88529729
88652273
88666745
88707413
88710017
88743533
88825793
88986713
89022485
89060957
89099933
89104085
89255165
89314277
89387753
89446565
89499533
89501165
89551865
89606945
89645333
89758229
89785265
89790785
89814557
89862653
89968157
90015413
90173873
90244985
90283229
90294317
90355097
90382109
90401645
90412517
90477269
90485165
90498449
90628193
90650129
90658625
90770849
90789653
90852605
90877637
90923825
90930257
90969509
90993833
91045169
91120853
91179089
91215905
91252517
91433669
91456049
91473653
91496933
91557017
91583357
91622549
91702049
91799657
91867877
91934585
91946693
92057825
92104877
92124317
92185097
92214953
92227637
92239673
92288213
92300765
92343689
92345609
92382533
92399333
92422169
92461025
92463557
92529329
92539097
92660645
92666789
92667065
92758265
92815733
93022697
93044489
93080669
93149285
93189869
93225305
93238097
93249245
93258149
93271937
93362477
93420905
93536093
93595073
93611309
93626105
93657509
93660437
93693953
93702869
93755357
93776165
93777569
93798269
93945797
94070873
94074905
94109573
94167065
94173197
94177109
94269017
94297805
94365005
94372337
94415705
94428209
94483877
94567505
94585877
94739825
94744397
94782569
94798409
94799465
94844033
94844477
95005733
95088329
95110397
95128169
95146217
95154065
95157809
95202269
95234105
95237033
95257457
95377253
95399477
95416013
95464289
95492033
95529353
95567165
95598593
95602925
95862533
95898809
95961173
95969129
95999585
96003713
96014189
96016733
96083057
96111557
96203033
96256217
96275969
96317273
96321809
96365837
96368969
96413693
96471593
96502445
96547877
96563513
96599885
96608837
96609065
96638357
96643517
96649637
96665477
96693089
96731969
96800669
96802373
96836933
96856133
96901685
96915125
96929825
96977969
96994937
97024673
97107977
97247297
97291445
97338605
97372937
97386077
97431509
97437893
97439333
97462757
97468769
97510985
97571453
97625693
97642013
97678829
97796177
97854005
97926437
98097269
98164169
98263697
98294633
98307809
98332205
98401457
98501753
98571185
98599565
98637497
98735189
98766569
98834093
98950157
98990357
98994893
99103109
99119753
99122093
99133565
99137465
99154697
99157073
99193889
99241733
99462725
99516353
99574649
99615713
99687077
99885485
100012529
100013705
100080377
100093733
100095197
100132805
100176845
100273169
100291565
100302509
100419065
100540565
100562189
100584245
100610909
100718225
100768973
100824497
101020085
101020973
101025797
101060933
101062829
101078969
101093945
101099153
101131649
101251577
101267729
101312069
101371505
101395997
101468837
101606153
101614229
101617517
101729789
101732225
101783969
101807429
101897489
101898149
101941217
101973077
101990525
102008129
102012965
102032525
102062393
102238709
102268253
102414533
102454097
102461717
102508133
102527249
102535049
102602909
102605693
102607925
102686009
102757613
102813029
102815969
102853337
102927185
102941369
102981749
103135133
103142765
103169213
103225805
103260917
103347185
103489049
103494269
103498769
103527917
103727273
103793393
103910609
103941209
103968437
104041253
104104589
104127317
104172377
104175257
104178953
104210333
104249225
104271917
104337857
104390189
104476205
104502305
104515685
104547065
104632853
104644217
104657825
104667017
104691965
104770349
104814857
104819585
104824889
104855285
104858885
104885417
104898785
104961713
104967653
105001985
105009149
105067577
105091085
105200957
105201317
105232673
105255809
105472745
105488045
105542045
105596957
105597293
105605249
105680645
105754037
105787949
105847013
105870929
106068569
106107737
106216169
106296677
106314989
106322849
106394429
106413593
106490237
106531037
106559489
106588217
106589957
106641437
106677605
106702025
106877477
106916789
106922477
106979897
106995137
107002973
107037785
107043713
107087993
107135273
107138345
107208245
107282969
107284565
107315285
107326205
107443745
107580077
107731649
107762633
107776493
107835113
107861789
107908853
107925905
107958617
107982113
108036173
108038417
108075545
108220697
108264845
108378185
108400745
108565229
108577805
108611465
108675257
108886289
109085753
109092845
109093109
109219817
109480313
109512005
109569185
109611509
109615265
109633937
109692233
109693445
109722305
109831709
109874189
109893749
109929113
109934657
109936457
110004329
110009165
110051285
110058857
110124857
110219933
110242769
110290397
110292725
110294477
110347349
110384177
110386949
110462933
110466509
110545589
110571053
110615225
110632205
110647037
110740097
110790533
110798729
110799773
110802689
110810825
110833373
110882237
110938829
111038465
111166985
111178073
111185789
111246617
111252569
111268205
111335645
111373637
111448013
111665777
111712805
111786689
111838517
111883253
111962729
112056245
112085369
112126013
112150829
112288505
112340429
112342457
112422533
112434893
112638953
112659449
112683689
112698449
112721909
112765673
112889033
112976729
113019953
113356397
113451593
113468873
113525273
113561645
113568665
113587265
113611337
113624717
113667209
113706137
113722397
113723705
113799137
113818997
113828285
113886689
113907605
113930993
113951465
114041789
114056897
114082373
114091193
114163565
114164369
114183329
114212537
114234053
114244877
114260549
114262085
114271517
114276089
114287045
114415469
114469985
114472349
114483725
114503585
114677237
114708749
114726389
114747449
114792437
114793697
114832205
114894605
114910349
114963665
114980309
115020209
115040525
115118573
115157957
115270805
115290497
115371149
115372697
115449929
115496225
115503113
115529849
115548965
115581257
115599209
115622045
115635353
115675397
115676345
115732253
115756373
115799333
115811597
115820537
115821353
115906265
115980509
115985849
116078885
116087285
116157725
116181209
116218445
116219597
116281277
116406629
116558345
116587337
116604737
116617949
116702153
116774813
116786789
116833349
116854445
116897897
116923505
116992565
117163817
117246029
117305189
117325157
117338357
117342905
117384377
117492005
117521009
117673613
117702005
117804125
117808649
117874937
117913685
117935153
118031957
118102337
118125449
118144397
118148393
118180229
118200209
118274273
118280873
118343333
118375205
118375589
118425725
118471409
118495889
118587185
118603517
118629437
118641137
118673117
118741817
118746377
118746437
118751969
118771853
118876325
118888649
119008097
119026985
119100533
119149685
119154017
119237045
119325917
119336369
119366069
119442893
119471789
119502569
119553353
119584517
119708849
119733725
119746337
119837549
119984585
120055925
120120449
120166145
120181925
120182345
120256157
120345029
120380153
120447293
120514925
120533837
120546737
120579653
120583445
120625877
120640925
120775145
120829685
120855029
120867149
120913517
120953285
121003229
121025105
121035305
121059893
121080953
121169789
121179365
121231613
121259729
121376825
121405673
121602689
121622105
121627745
121687313
121721285
121773089
121865597
121935605
122335337
122404589
122433233
122436689
122460569
122470625
122547473
122554433
122577125
122610137
122645933
122703437
122728913
122756213
122811869
122859353
122950673
123029837
123079985
123165893
123224933
123330413
123515717
123647213
123708893
123793409
123944357
123994013
124089365
124195889
124257089
124300457
124304045
124336433
124345049
124399397
124404689
124413677
124463357
124470545
124503737
124550873
124571909
124591289
124614329
124662017
124718693
124880885
124906169
124937753
124979405
125023469
125291069
125302217
125324549
125336525
125338217
125348033
125379005
125395925
125430089
125470589
125550005
125644085
125678117
125754317
125773553
125786405
125807405
125940917
125961245
126015713
126048857
126081485
126148613
126183233
126354173
126431609
126483365
126554693
126843545
126860333
126863705
126893597
126966005
127052549
127177553
127179749
127279169
127344005
127345433
127396673
127413905
127448297
127463837
127479689
127493549
127588937
127611593
127761725
127761953
127792829
127796777
127890377
127993109
128020109
128026193
128037209
128051309
128052053
128059697
128139749
128153465
128241125
128337089
128338229
128400017
128458193
128481125
128599997
128633177
128677673
128689385
128697317
128870717
128877449
128901653
128902385
128922389
128960933
129066773
129114233
129171329
129197753
129264953
129311369
129329417
129434705
129458405
129477149
129501917
129607829
129713057
129715313
129766613
129859037
129911069
129952325
129961733
130054253
130063757
130086485
130113773
130127033
130187825
130211285
130374257
130403357
130414193
130439033
130530005
130542245
130558265
130584689
130597493
130641173
130660229
130710065
130720169
130727645
130802045
130820369
130846997
130947773
130991609
131001065
131037305
131074445
131106353
131176505
131189645
131215697
131270885
131272805
131391785
131397389
131455205
131520485
131585597
131770409
131809037
131853425
131896829
131946569
132129905
132132509
132281273
132458585
132570485
132572693
132649697
132676325
132682193
132792413
132804833
132834917
132848705
132878129
132933617
132934889
132984689
133002605
133171169
133220945
133248473
133282229
133346837
133366829
133382597
133413293
133440965
133447565
133449869
133463429
133464029
133477205
133540517
133556237
133565849
133584497
133587377
133613189
133614593
133696097
133749257
133774889
133796993
133800497
133847309
133871189
133931405
133934477
133980377
134086193
134090165
134143349
134149937
134180945
134182529
134270729
134334977
134356949
134373137
134396513
134404469
134564213
134564273
134797493
134821877
134867585
134912777
134916377
135033269
135125693
135187517
135233897
135287645
135297077
135315773
135553985
135581549
135641825
135648209
135699449
135738629
135743945
135790985
135811277
136013645
136068677
136162937
136164365
136190453
136208117
136267265
136300409
136432673
136480457
136515077
136525445
136581053
136596713
136649117
136650197
136650989
136690457
136691057
136804109
136813529
136818785
136842053
136874465
136880537
137022917
137043773
137094689
137146085
137173277
137181425
137196485
137198537
137227517
137293457
137429369
137626829
137629505
137761385
137862413
137872493
137911697
138047249
138150605
138198437
138231497
138234989
138271397
138289949
138425249
138445793
138468845
138497633
138574565
138675737
138697745
138741665
138788525
138817169
138835445
138881285
138889985
138959825
138987665
139039673
139071965
139102709
139157417
139179125
139234313
139252625
139328405
139365017
139476305
139635737
139657505
139665929
139665953
139677185
139796513
139809473
139860125
139959665
139994357
140034569
140070293
140084189
140229089
140257697
140298425
140351393
140367713
140383817
140499113
140590517
140622269
140681105
140710913
140777465
140788673
140842325
140930189
140986769
140996657
141100769
141163013
141182705
141251825
141253085
141262889
141272549
141312233
141720545
141828509
141898349
141907277
141923417
141949037
142008305
142032509
142075073
142229357
142231037
142307417
142422269
142435733
142462997
142524857
142532633
142536425
142547357
142591877
142597265
142620125
142678493
142749893
142798649
142842725
142849025
142917629
143131289
143155829
143162369
143297837
143363909
143393933
143486297
143504309
143523797
143540993
143705645
143844257
143907509
143917697
143919125
143931605
143968157
143971397
144004445
144021917
144025085
144141173
144170333
144202385
144211337
144228473
144290297
144295625
144317909
144368105
144370709
144387557
144406829
144562229
144666653
144709793
144723389
144804449
144810749
144819857
144831629
144846293
144865733
144884765
144936053
144982757
145116089
145166777
145203293
145339025
145390805
145425809
145428833
145453913
145585493
145626293
145644965
145706393
145715693
145716077
145803617
145820693
145892429
146001329
146001569
146049305
146101505
146152565
146262389
146340533
146356649
146403137
146418593
146421713
146433773
146440769
146525393
146550713
146565377
146567309
146587409
146591777
146603453
146630957
146642717
146719073
146745365
146773505
146917229
146944169
147025553
147072017
147113417
147119753
147149105
147276857
147402077
147481349
147524405
147573725
147698249
147735113
147773693
147784193
147812957
147843653
147846353
147896249
147956549
148018613
148053269
148087913
148213097
148223957
148232993
148246265
148318625
148354433
148404953
148527173
148607525
148673885
148727813
148740857
148914737
148946465
149074085
149080985
149119097
149132273
149166857
149203865
149249993
149468609
149491349
149585609
149595713
149632325
149761205
149818637
149868233
149923397
149981717
150039053
150066245
150186317
150242945
150333557
150398669
150475829
150581885
150696833
150738509
150767597
150889913
151031285
151173149
151186433
151292357
151320737
151347965
151736537
151836917
151841129
151881773
151952885
151990445
152004725
152095469
152112545
152119649
152138657
152195729
152213993
152242433
152307257
152487965
152517845
152584037
152592377
152606105
152639597
152715389
152751653
152782829
152787305
152821037
152887385
152951597
153002777
153022133
153024845
153036773
153206525
153222893
153226949
153265313
153269357
153321089
153325913
153337385
153372929
153457325
153459173
153508457
153706133
153726425
153729989
153911309
153972797
153976205
154010933
154040909
154053809
154090217
154163777
154234589
154287029
154292849
154330805
154521917
154528157
154680293
154796885
154802849
154848917
154870889
154964789
154967237
155022869
155030069
155047289
155066885
155111873
155130833
155132333
155132393
155188289
155216309
155228513
155309273
155402633
155417645
155547425
155569613
155619917
155648573
155767205
155853677
155866469
155956697
156000929
156038777
156164153
156200705
156272849
156335693
156347609
156396029
156499409
156508769
156565193
156591533
156606617
156612749
156719693
156724289
156745925
156793229
156813065
156862409
156866009
156871685
156933413
156986333
157027277
157152929
157167809
157257377
157266353
157324805
157333637
157452317
157467857
157484165
157492529
157522397
157572113
157647365
157662485
157688177
157956293
157972037
157983869
158072969
158096069
158120729
158179145
158202617
158203205
158272829
158317625
158359025
158370509
158377085
158401313
158433953
158496677
158547953
158612273
158660249
158710385
158733677
158763629
158781017
158790185
159061805
159177737
159192125
159222533
159366785
159371297
159423593
159451313
159468833
159552905
159591089
159603365
159713345
159718073
159722729
159740033
159742229
159767153
159793025
159800297
159888149
159961589
159966857
159973793
159981209
160077533
160100093
160152389
160392029
160407845
160634465
160647413
160750157
160815449
160822385
160964789
160994177
161038085
161171177
161217029
161225489
161246693
161263925
161270129
161286569
161314205
161363165
161389865
161514905
161519009
161550725
161566493
161571353
161602649
161635709
161672477
161717237
161732453
161742605
161785853
161903993
161993489
162063509
162073325
162113249
162188729
162198077
162245969
162281153
162331469
162361385
162545369
162549869
162598313
162626045
162629909
162647393
162807065
162862565
162886409
162950429
162988553
163083905
163101593
163139297
163161017
163224485
163273253
163329125
163340093
163382693
163518857
163537805
163556573
163630193
163664285
163684133
163710209
163738277
163741169
163778369
163828529
163843133
163868885
163968593
164019353
164090297
164135465
164227049
164292029
164335373
164385737
164401457
164409197
164415257
164525837
164537117
164562185
164586017
164710469
164732105
164792705
164818697
164866385
164870417
164893313
164896745
164911577
165120749
165131393
165137873
165171545
165189017
165301325
165303185
165346817
165371633
165397685
165435197
165465065
165558533
165632657
165662153
165704309
165728129
165795257
165857573
165883229
165949145
165982769
166035857
166066373
166098293
166105169
166148429
166160825
166180889
166194185
166195973
166209725
166217885
166281017
166306253
166321397
166361009
166368689
166410245
166429733
166430285
166448885
166505489
166538849
166602953
166758269
166759145
166760249
166782773
166859309
166911989
166998389
167076917
167093633
167115533
167129753
167171333
167275073
167281385
167296697
167427245
167449829
167486249
167501825
167520329
167720357
167733905
167755433
167782973
167835485
167861849
167875193
167883125
167897045
167908037
167965097
168028589
168163229
168169289
168171377
168233117
168244109
168288053
168431885
168462077
168486485
168606173
168608537
168622493
168626105
168654725
168737597
168766049
168793637
168799853
168814913
168818285
168829253
168842009
168859313
168863453
168880073
168924533
168956033
169027829
169101569
169190717
169320677
169360169
169370213
169385033
169416377
169474709
169583489
169600709
169661693
169694033
169834277
169857089
170001377
170112869
170129957
170160233
170399873
170435465
170489645
170523305
170778293
170779589
170854289
170859149
170872217
170983529
171070445
171125489
171219689
171228893
171346277
171381953
171435725
171480209
171483269
171488849
171496337
171589397
171614285
171735413
171831233
171877385
172193033
172201037
172314989
172377029
172469969
172492877
172538933
172553897
172563929
172567049
172601729
172621769
172664525
172757873
172960649
172965257
173017397
173020529
173026229
173039633
173135873
173169065
173181905
173282549
173340137
173436365
173482505
173582465
173617385
173647277
173651309
173653877
173664173
173675993
173772005
173801753
173906165
173963033
174040229
174042509
174184349
174226253
174233849
174264269
174341789
174355805
174449573
174500645
174850745
174883145
174883997
174892829
174917345
175107737
175167209
175186373
175197749
175231565
175301045
175319729
175327517
175427405
175439909
175491377
175529885
175530257
175555829
175575257
175603085
175618385
175694597
175753397
175773545
175835765
175895657
175963949
176117189
176194817
176232353
176279117
176395745
176550473
176569925
176599853
176620829
176647625
176767505
176861189
176867645
176897813
176903657
176905985
176913365
176933873
176935805
176949749
176975225
176981489
177076865
177134777
177159413
177160445
177204905
177273653
177357293
177395393
177451613
177460217
177605165
177660305
177661433
177687737
177749153
177767237
177833297
177848825
177906557
177922769
177925565
177953549
177999137
178099373
178141457
178164773
178199045
178253489
178325393
178425257
178431965
178453229
178476437
178549553
178720853
178727129
178730297
178732793
178742537
178799009
178801673
178876037
178901105
178915505
178938773
178940537
178945637
178952957
178992953
179006777
179020493
179030885
179034485
179076113
179208893
179345165
179365109
179432189
179481653
179545709
179560025
179632397
179668685
179674757
179703665
179779145
179808845
179810849
179864717
179943497
179949545
179973665
179994473
180013013
180024209
180088385
180146897
180151829
180182297
180187769
180192689
180203453
180226277
180234533
180303305
180314897
180458909
180488897
180609353
180672929
180770009
180773789
180814829
180891653
180963329
181009205
181035029
181109993
181117445
181178513
181208105
181437893
181522073
181528877
181590233
181669577
181779413
181791449
181835069
181933709
181991129
182044673
182048429
182058065
182074157
182210417
182255477
182260085
182312105
182371505
182411897
182431757
182487509
182499833
182547413
182603009
182700929
182709737
182772413
182807093
182812817
182813657
182813765
182919317
182950145
182999669
183012605
183044909
183076757
183130877
183138833
183155873
183195125
183234869
183254333
183324665
183375209
183499433
183512153
183540389
183616157
183650645
183783149
183800117
183808229
183849113
183890417
183895337
183901829
183915197
183927365
183968993
184049249
184109597
184111457
184140809
184140845
184236305
184281557
184508357
184521209
184559453
184605533
184606145
184659077
184686929
184699865
184703525
184720973
184729133
184807469
184855433
184950137
184998953
185029709
185051489
185093933
185102237
185201393
185203805
185216513
185268017
185319713
185441273
185523317
185694713
185700137
185785277
185820425
185820449
185899817
186052865
186090113
186114485
186115037
186127733
186139877
186189377
186214409
186358085
186469373
186532157
186570233
186654977
186670637
186861965
186945989
186999449
187075193
187129577
187134965
187285589
187291865
187324457
187326257
187366889
187368317
187384469
187405445
187527557
187547237
187711325
187728005
187761725
187865825
187895873
187927505
187971509
188055977
188168813
188176337
188181749
188185709
188247545
188263865
188291069
188368373
188401949
188429009
188475377
188490053
188624405
188642825
188655965
188661245
188719697
188758589
188759969
188766389
188770397
188817605
188874869
188969597
188990357
189153797
189188069
189208397
189286937
189292877
189310925
189327989
189457877
189464765
189475685
189482297
189564977
189566093
189672929
189712985
189745589
189778037
189854129
189861425
190212845
190239869
190254785
190260029
190264877
190398365
190427333
190441877
190464833
190476749
190491329
190536125
190591925
190645385
190679777
190736993
190813853
190815425
190823333
191046293
191077157
191110853
191123129
191155433
191173553
191198633
191281853
191304377
191389829
191485085
191564033
191587565
191611433
191709029
191755805
191766245
191774693
191821577
191823437
191874533
191882789
191892593
191945813
192017213
192114713
192174065
192201785
192207149
192318665
192332945
192348437
192383657
192389813
192427865
192507377
192520049
192561509
192603533
192645113
192695633
192735989
192756785
192822797
192850325
192975089
193020197
193191449
193236029
193240577
193250693
193276217
193298609
193389785
193468793
193476917
193497065
193497965
193516265
193576769
193639505
193696325
193803245
193817285
193875377
193933397
194012585
194040845
194092553
194123093
194149337
194243033
194273273
194330609
194361269
194381729
194389457
194403245
194452265
194509817
194526185
194682125
194724317
194771273
194856533
194875469
194881037
194913989
194940929
194964833
195023069
195072977
195084713
195246989
195263957
195290117
195316373
195349085
195410573
195437777
195554225
195567569
195581405
195598637
195790649
195799757
195816173
195830465
195873233
195966053
196037357
196039985
196053917
196062473
196076069
196097573
196125665
196267673
196325645
196398797
196404857
196440545
196552049
196555673
196606949
196652333
196689125
196782929
196786829
196873757
196940993
197019173
197046557
197110277
197125229
197143073
197143253
197220629
197253365
197280857
197326265
197329805
197497193
197514713
197523989
197553089
197558105
197694857
197715773
197721905
197772245
197775809
197817197
197850257
197872337
197891165
197914289
197946593
197985737
198081293
198092825
198144605
198169649
198255245
198313037
198315869
198353285
198391325
198391877
198409457
198422633
198475217
198554585
198674357
198808673
198837293
198879005
198950045
198953549
199052417
199063553
199074317
199143113
199199957
199236413
199336313
199338929
199459889
199552925
199602665
199616117
199637225
199665593
199757825
199780325
199828817
199831877
199835453
199891133
200018969
200088857
200109053
200171189
200202797
200217689
200296949
200437289
200470145
200500409
200511053
200517197
200541989
200595557
200655365
200700713
200734049
200754545
200869613
200881397
200890193
200895773
200906549
200989157
201006869
201017993
201043445
201044009
201084665
201100037
201144833
201155345
201182549
201308225
201330917
201397805
201435377
201471509
201580853
201619829
201698273
201701753
201741593
201772589
201777065
201804005
201824729
201869429
201906593
202178705
202214753
202259897
202323617
202330013
202394189
202407497
202415609
202468229
202476473
202568969
202602029
202626137
202639685
202685273
202707149
202710749
202837649
202849805
202917905
202980485
203025437
203027345
203045945
203081717
203125013
203166377
203204873
203242565
203252369
203335877
203345693
203427785
203492849
203509397
203524313
203640065
203701757
203744489
203823305
203876873
203900213
203957249
203964893
203968985
204006089
204009893
204046457
204060737
204073505
204115313
204116129
204130073
204133997
204150509
204151085
204224717
204348665
204424517
204433673
204462977
204483629
204568997
204580397
204641933
204721853
204775805
204785033
204847709
204963869
205042313
205043825
205136153
205157729
205270973
205305593
205373165
205373309
205385633
205539425
205581893
205624529
205782737
205786517
205851533
205940717
206018393
206057753
206080637
206265293
206281865
206318885
206339753
206378213
206428649
206438789
206446265
206491193
206563577
206571533
206602205
206662697
206715257
206736725
206737685
206825357
206897489
207009053
207057905
207159329
207269165
207299477
207303053
207331817
207369257
207493013
207525833
207534269
207568985
207641693
207709277
207714917
207734045
207800333
207832085
207840965
207848669
207871469
207903953
207920585
207968237
208035629
208077533
208083569
208164965
208188905
208265429
208325225
208328333
208377509
208378073
208467293
208474109
208494677
208521845
208614665
208660997
208677209
208744325
208754753
208786709
208795997
208821449
208862717
208867097
209055497
209108765
209110433
209133509
209146397
209186057
209255837
209304737
209320817
209368817
209600009
209616089
209622305
209650349
209650973
209725589
209757917
209759117
209808305
209889713
209953997
209954417
209954753
209959937
209982497
209992349
210139493
210184745
210289625
210340697
210358685
210465629
210469733
210493757
210494645
210502169
210527009
210531677
210549749
210553505
210595685
210604565
210641849
210670997
210757553
210789293
210839405
210900917
211003745
211133933
211213085
211235189
211341749
211413329
211413557
211455185
211461017
211514513
211523417
211627745
211650029
211683353
211699157
211721693
211750145
211825613
211857773
211885013
211909793
211915865
211944605
212036345
212066309
212149853
212186465
212310173
212425109
212438777
212472677
212581685
212659565
212698025
212785685
212807189
212877077
212877833
213046613
213093773
213139937
213206525
213478865
213481997
213486725
213504173
213539129
213547265
213609833
213641105
213699389
213725705
213823985
213855269
213860009
213949109
214028405
214080689
214085213
214090289
214096193
214210433
214247957
214339013
214370717
214388009
214450709
214517885
214533737
214552049
214590005
214600253
214616969
214728437
214772549
215170913
215241893
215306153
215380193
215401805
215464649
215540153
215631977
215652485
215769497
215810285
215926289
216052277
216111833
216141017
216211457
216211673
216217637
216228257
216229769
216265565
216276053
216291149
216336497
216348425
216380573
216433109
216477929
216508157
216533033
216650573
216735893
216850889
216866849
216913157
216978977
217042865
217056413
217108517
217151585
217186925
217276973
217305509
217369829
217412033
217423865
217475993
217485257
217498397
217520213
217543109
217698269
217728533
217803113
217836797
217965473
217983377
218011685
218055185
218081837
218090573
218142257
218147717
218222225
218235617
218297789
218400509
218455829
218464133
218576477
218673173
218699249
218725433
218749445
218750453
218767553
218871365
218977097
219014837
219071945
219079025
219089309
219103217
219105029
219124325
219154493
219263429
219329429
219379217
219445565
219596369
219637697
219645353
219673625
219688229
219732593
219763589
219813725
219822005
219822149
219837737
219884573
219927077
219964217
220017425
220080005
220124813
220210865
220304717
220337093
220353209
220373825
220426697
220441973
220525637
220551989
220553009
220566269
220603793
220708589
220758245
220845677
220858925
220951037
220997753
221014793
221015885
221076005
221079305
221111957
221183345
221187377
221415533
221426369
221487377
221514797
221658125
221721293
221725913
221726489
221772737
221786873
221810453
221950649
221982269
222019769
222030257
222043433
222048197
222125573
222187169
222211157
222240989
222377753
222433085
222464705
222473165
222595625
222601925
222607613
222789365
222799805
222853217
222909425
222944429
222975833
222976493
223040429
223045829
223094009
223196789
223198829
223231313
223393013
223440785
223498757
223580309
223673069
223681217
223689569
223737065
223799957
223848593
223852433
223881053
223928909
223985573
224023877
224046329
224089877
224095469
224229269
224260769
224331869
224457245
224529317
224570429
224661485
224714657
224765033
224772989
224785529
224822585
224835689
224882669
224904977
224941685
225039197
225055709
225093257
225124649
225149597
225152033
225264173
225306737
225406889
225462713
225532709
225666713
225680045
225707873
225859829
225916349
225978233
225997985
226012433
226093253
226172189
226178285
226216337
226231409
226413065
226419953
226452497
226461077
226473569
226536857
226539617
226575905
226588025
226599149
226616453
226638557
226645349
226682453
226734137
226765277
226793549
226856693
226975889
226988237
227038433
227104505
227109425
227109749
227117657
227119529
227124605
227139977
227167085
227187545
227301725
227318993
227319425
227322017
227405765
227487797
227545577
227583305
227591537
227596085
227713829
227894057
228042377
228141473
228204425
228222833
228238493
228267413
228286709
228291449
228384569
228464333
228542489
228547817
228604265
228662057
228736229
228737153
228744809
228771917
228777065
228822305
228941369
228996233
229012025
229053317
229128089
229171337
229253753
229340213
229347773
229392689
229394009
229432949
229499849
229505189
229559837
229619849
229639973
229651337
229775873
229810253
229821173
229847885
229876697
229879745
230068313
230116433
230195585
230261825
230398733
230440073
230547953
230732585
230764409
230852909
230871197
230956913
231013229
231015797
231029777
231079925
231106949
231187373
231230357
231324773
231329717
231364865
231377429
231516089
231518657
231566837
231566969
231608825
231614813
231627809
231744929
231758885
231804569
231809729
231810797
231825485
231927149
232032917
232128557
232291745
232306469
232312673
232352189
232430777
232548485
232573277
232587713
232642865
232645829
232646249
232663625
232720997
232756649
232825457
232851389
232895909
232946825
232969385
232993529
233191565
233274965
233346497
233427317
233461397
233481665
233490929
233498705
233516753
233554973
233561945
233673389
233783945
233840837
233877617
233890325
233953277
234038285
234062345
234079145
234086549
234106745
234113477
234251645
234254045
234260789
234264509
234269813
234285917
234296513
234362777
234380465
234428669
234434609
234480545
234558449
234606953
234627845
234665093
234707897
234777809
234787925
234793769
234939845
234986693
234992009
235161029
235189169
235203077
235206929
235215317
235228013
235298609
235302053
235303229
235380653
235450529
235456865
235582505
235583249
235619357
235710677
235721273
235740569
235749713
235756445
235823657
235842149
235964237
236008277
236044229
236055125
236076569
236101733
236114597
236152925
236160365
236228753
236468813
236493629
236500253
236513465
236542613
236635133
236659433
236733197
236790377
236839397
236867909
236883977
236899493
237034769
237099365
237131585
237186113
237220793
237252209
237255725
237314417
237534953
237581093
237901157
237999425
238006133
238027277
238152629
238199129
238227965
238261505
238290749
238328129
238386113
238428365
238434617
238460453
238480073
238490297
238490969
238522877
238558277
238642457
238662257
238675253
238742489
238744817
238763045
238764989
238839293
238864493
238958045
238968605
239011673
239023289
239086529
239223785
239267885
239287829
239389373
239484245
239522525
239530085
239545349
239578613
239774933
239790629
239803589
239885045
239901497
239948897
239990945
240018317
240166529
240172373
240238529
240242789
240431057
240439769
240453605
240477497
240497993
240527393
240542765
240553865
240691553
240701453
240733253
240850349
240881057
240895925
240917129
240999545
241028369
241057913
241075733
241090205
241101137
241101533
241191017
241231889
241257629
241267649
241268369
241283225
241328729
241336913
241419977
241428653
241438793
241442849
241454057
241519829
241637837
241660469
241687109
241691957
241704725
241710437
241760153
241764857
241771925
241811645
241869857
241873589
241885433
241932557
241951325
241986077
242038493
242094353
242138585
242147477
242163485
242265185
242371265
242386829
242398013
242402105
242439569
242490125
242578325
242588069
242630333
242649965
242711057
242828837
242966189
242974625
243040949
243062417
243106457
243136985
243158825
243160685
243358097
243450737
243483605
243548813
243601037
243613613
243615617
243636413
243644429
243789293
243819425
243836537
243843569
243869309
243971813
243997793
244007249
244091393
244144613
244202465
244208297
244229657
244277453
244279745
244308593
244321325
244340309
244348733
244362077
244383557
244497905
244575365
244587245
244624397
244780817
244831133
244840853
244862525
244921457
244953233
244988717
245000489
245010125
245028017
245057957
245062733
245095745
245137913
245189453
245232665
245274293
245292017
245309105
245317637
245395769
245472209
245497985
245502473
245508569
245721725
245731265
245731373
245770829
245773853
245798297
245848397
245875433
246039077
246096857
246142805
246227537
246270137
246322613
246353573
246437513
246449249
246470237
246506333
246519665
246559337
246625805
246628613
246635105
246645053
246672137
246680789
246743213
246781805
246811145
246816557
246873245
246890285
247041389
247136153
247193825
247213469
247220945
247232297
247280129
247285385
247358429
247399697
247406633
247492517
247513397
247524329
247557929
247564985
247599965
247616477
247637465
247769477
247780529
247780805
247786025
247814105
247844825
247930277
247931669
247977173
247982837
248052173
248065445
248147033
248229209
248283617
248342909
248455709
248461829
248504213
248561309
248596937
248624225
248637329
248720669
248762525
248786045
248789525
248807789
248808449
248846105
248963897
249084773
249179885
249193505
249236825
249317489
249332933
249478373
249501605
249622253
249693545
249907649
249933257
249988277
249991313
250021013
250035497
250126229
250135925
250159769
250192793
250211993
250243193
250263845
250397333
250411889
250439297
250479797
250483709
250498409
250545413
250546925
250553573
250677197
250709549
250711157
250714049
250796225
250801733
250832789
250975085
251024813
251037689
251048417
251064077
251072777
251251889
251277485
251294525
251335013
251339285
251351477
251393549
251403353
251406113
251517533
251658737
251816753
251838305
251920829
251923937
251935097
252007133
252054677
252125069
252208325
252221417
252303437
252421553
252433157
252470609
252667253
252732413
252802337
252822917
252839453
252899813
253018997
253128725
253338809
253419773
253471337
253488365
253533017
253615877
253676969
253698017
253730249
253748297
253769993
253797317
253822505
253827605
253837865
254001677
254050457
254222993
254256749
254259149
254284385
254286173
254305565
254311685
254433869
254586785
254624345
254624957
254638385
254644925
254677073
254764817
254814449
254838065
254838749
254870729
254900357
255023933
255057089
255113285
255134033
255150713
255182609
255194933
255325277
255329225
255343529
255357905
255400097
255408353
255435533
255439565
255520109
255534497
255646937
255714017
255737825
255753665
255775049
255786629
255797153
255807185
255815489
255859913
255884657
255939977
255969449
256004669
256007597
256127513
256140869
256193309
256310717
256312757
256347113
256354445
256381769
256427465
256441433
256496237
256527113
256559993
256642973
256830665
256909745
256941245
256954877
256989269
256991909
257063957
257150489
257151857
257153645
257153813
257170025
257172713
257325269
257353733
257368553
257382269
257387897
257397833
257411189
257429765
257506217
257526053
257532293
257547557
257627093
257630465
257637029
257734217
257741705
257774189
257780633
257824697
257842025
257852249
257882489
257919485
258061217
258124073
258151037
258154709
258199157
258206849
258240533
258247433
258405557
258411209
258451169
258465365
258476345
258481373
258495845
258527057
258598925
258631505
258658253
258663149
258683465
258685493
258708845
258828569
258870029
258922865
259097357
259120313
259199345
259299569
259318433
259319357
259371725
259390769
259405733
259464029
259547393
259547693
259606445
259635389
259650833
259775177
259804277
259809857
259905917
259935437
259999985
260003609
260042093
260088545
260109485
260117429
260150237
260166449
260175497
260236565
260254697
260254805
260269877
260317637
260380313
260410589
260448917
260510909
260529305
260576837
260638829
260673017
260781365
260863805
260870177
260917733
260935277
260955569
261000485
261021137
261060545
261102029
261150809
261184925
261233873
261245345
261262685
261263789
261313973
261365489
261379865
261429749
261448949
261451649
261461009
261580493
261699845
261703037
261806273
261847253
261847505
261873449
261890633
261899945
261907685
262066505
262087445
262187093
262189649
262222649
262227629
262234277
262246313
262384049
262409165
262472357
262474373
262574477
262648145
262652297
262689185
262693193
262767953
262797533
262803077
262884437
262897925
262928813
262953293
263004245
263045969
263067365
263095193
263098193
263099789
263114369
263229809
263268389
263349485
263402993
263424425
263424953
263480249
263484233
263513477
263516333
263538077
263593817
263604737
263680709
263702237
263708273
263763797
263847689
263957933
263972537
264005165
264054533
264063545
264136205
264166973
264180389
264182213
264312353
264324893
264345365
264362909
264452657
264465377
264536657
264590549
264693677
264835325
264882365
264885425
264942149
264984269
265015253
265021889
265039937
265052549
265099685
265117229
265145945
265166045
265174697
265193993
265345325
265422725
265513553
265515905
265586537
265611917
265632857
265638749
265653065
265666097
265727165
265839113
265851005
265905545
265956953
265961885
265981373
266010785
266025593
266029589
266062289
266089349
266102525
266143529
266189045
266233409
266242913
266396525
266447165
266533133
266545013
266553785
266553917
266659613
266724437
266730113
266733389
266798993
266809133
266827205
266843393
266972465
267052973
267132005
267158477
267202949
267295145
267353957
267357605
267465857
267554885
267661253
267694169
267731297
267743633
267765905
267794189
267832505
267839645
267852113
267866597
267920993
267945305
268025573
268142885
268174469
268195829
268280825
268317029
268442705
268473173
268497725
268575377
268593125
268594253
268596389
268609433
268698653
268754525
268761653
268772357
268776413
268881605
268884053
268936289
269211977
269229293
269260697
269261669
269282429
269342777
269354825
269357837
269362157
269519573
269546045
269564957
269587637
269636213
269692589
269698733
269731565
269839877
269850557
269872433
269889809
269912069
270013493
270193025
270213857
270269285
270378785
270466013
270483989
270488309
270492437
270501293
270502433
270519329
270534869
270536189
270560429
270586469
270874325
270899573
270947969
270948425
270986957
271108493
271237133
271237637
271529633
271563533
271564769
271584737
271624745
271669397
271704833
271729193
271761929
271828973
271833125
271959845
271970345
271983965
272135153
272154425
272170085
272273165
272281265
272337929
272367329
272423045
272440685
272475833
272489549
272523557
272593877
272614073
272615825
272648657
272689913
272718065
272730725
272766017
272906105
272931509
273021797
273120065
273125405
273175409
273193337
273224657
273391949
273467897
273492497
273656057
273728657
274037525
274050113
274081289
274085393
274109825
274185017
274280549
274302185
274375877
274432997
274615025
274739729
274744457
274755137
274766153
274801685
274915589
274923725
274931657
274936757
274983077
275009573
275009717
275047433
275075885
275143217
275144489
275165729
275177753
275310017
275331377
275334497
275346149
275418557
275475305
275556797
275573789
275588405
275613197
275700113
275700677
275700869
275718065
275728817
275772197
275824385
275845349
275885705
275914433
275970617
275974553
276000737
276043265
276058577
276146849
276228065
276255197
276258725
276264425
276280469
276335765
276341117
276347117
276463289
276468737
276624653
276666893
276726149
276737597
276751613
276820277
276851945
276900485
276956573
277074533
277084169
277145033
277158629
277200593
277279037
277283585
277380029
277438025
277479473
277480337
277503845
277512365
277519613
277557893
277569185
277635449
277718465
277734965
277742237
277744085
277762733
277904525
277931249
277967165
277986833
278023757
278084153
278134373
278233949
278248709
278285213
278311097
278474033
278490485
278562149
278575217
278590217
278663669
278715353
278737949
278802437
278803049
278851973
278910017
279085037
279129653
279220877
279279245
279348725
279409037
279422333
279541625
279575537
279576185
279608885
279616937
279635885
279664409
279727265
279820013
279874925
279885569
280062605
280100393
280139129
280186145
280202129
280280117
280324505
280356137
280411145
280418177
280610369
280704305
280705949
280813433
280817009
280863845
280903169
280914425
280918757
280933745
280940849
280948469
280982969
281099105
281110205
281113637
281122973
281227517
281323397
281349473
281534849
281547929
281625929
281650265
281668265
281724077
281736389
281738285
281786657
281840357
281902277
281906405
281919053
281981153
281984753
281986925
282016853
282064217
282080369
282119153
282144365
282176789
282276953
282285269
282299465
282364025
282375845
282515189
282622613
282626573
282655769
282678725
282686669
282720689
282748085
282785069
282858653
282883937
282885629
282889877
282946265
282967409
282990809
283178069
283206293
283207865
283213277
283238945
283255349
283402937
283615373
283629797
283660037
283661945
283835585
283906313
283976069
283983629
284007185
284136317
284195717
284202617
284213129
284271989
284378717
284461793
284468789
284477225
284480705
284484845
284487677
284518865
284590853
284596577
284597117
284639405
284769125
284771357
284790077
284802797
284829749
284868917
284899289
284942945
284948285
285036245
285052757
285081017
285087809
285137849
285237065
285247169
285260573
285266825
285354389
285396269
285411713
285504449
285519485
285537857
285558125
285743609
285767045
285834077
285863225
285908057
285919037
285922685
285928697
286038017
286099433
286164617
286166249
286392029
286434053
286457933
286458257
286514813
286533953
286599893
286673225
286706069
286709273
286714373
286732505
286733213
286746653
286748789
286792349
286804817
286869329
286872785
286907453
286932377
287000489
287019785
287098253
287118377
287174837
287209553
287222789
287269865
287313545
287356733
287490353
287514869
287546069
287558849
287601725
287670005
287717297
287719013
287894465
287912549
287965097
288178805
288244877
288258029
288341789
288342209
288400937
288457613
288530693
288537977
288587873
288623177
288772817
288841157
288893969
288895949
288913973
288946913
289014737
289156613
289160177
289217093
289247537
289295405
289307513
289312913
289335245
289372985
289394669
289400429
289484765
289494677
289515353
289521977
289542653
289560773
289566593
289699649
289822433
289920809
289980137
290042837
290070725
290117729
290133593
290258093
290399009
290432357
290528393
290552573
290557973
290566133
290593997
290688353
290693693
290786849
290966213
291010733
291048485
291055673
291184157
291206105
291219605
291247697
291266093
291302633
291353909
291401213
291405329
291444545
291487229
291565265
291576557
291601769
291612653
291626369
291745829
291816917
292014353
292233653
292244609
292280153
292299857
292318829
292422149
292433285
292436429
292450997
292477937
292479149
292497677
292562705
292582925
292599737
292602149
292662137
292765553
292773197
292778273
292797545
292850225
292929425
292930229
292950893
292971353
293054009
293116529
293187773
293274737
293280797
293309057
293322713
293501765
293552897
293617085
293749217
293819237
294072965
294115289
294168965
294177209
294191405
294215045
294223709
294249977
294252437
294381797
294448829
294452093
294472769
294560885
294581309
294593009
294617333
294637637
294711833
294746645
294822653
294832997
294837497
294840245
294870533
294929153
294938813
295047269
295047773
295205789
295308845
295335257
295346537
295471925
295518293
295558817
295571093
295589669
295590449
295594373
295601549
295613249
295681757
295697273
295711625
295719437
295719677
295758377
295815593
295929017
295942433
296138693
296138933
296193149
296319257
296426873
296434613
296520293
296760533
296917349
296980937
297021809
297064757
297133673
297160277
297170465
297261737
297286097
297297437
297311669
297317705
297365405
297379997
297396977
297418433
297447497
297517625
297541577
297578189
297609605
297672905
297688613
297773069
297803705
297827345
297833093
297877553
297967013
297967337
297977897
298051493
298055513
298068929
298135709
298195229
298198757
298223765
298233209
298252973
298353077
298370993
298390397
298459469
298561613
298643513
298646057
298702253
298774229
298781573
298874597
298897829
298904873
299002469
299016977
299055137
299083949
299117165
299152889
299177429
299233949
299290349
299316617
299424173
299534117
299557793
299626697
299627885
299633489
299697773
299769929
299785325
299814533
299814845
299881469
299894693
299910017
299920145
299947709
299973005
300092477
300137225
300145097
300158465
300161105
300205133
300266225
300305453
300312785
300368345
300379157
300383237
300513413
300552833
300678245
300780689
300942029
300945377
300977645
300983225
301002713
301036877
301108169
301123505
301137053
301152029
301157189
301287053
301290245
301327829
301418033
301425065
301478729
301484993
301574633
301634693
301646345
301693673
301708649
301715429
301752029
301779437
301818773
301875845
301889609
301891493
301944185
302101373
302166329
302240057
302271185
302277053
302288897
302336933
302370065
302370737
302447285
302450753
302546549
302577089
302645453
302733677
302735093
302785445
302845217
302988413
303131993
303219533
303240113
303251429
303276425
303316409
303333737
303353333
303363365
303409457
303448649
303458429
303472013
303476873
303488189
303519437
303624833
303778445
303845549
303855245
303911885
303934145
303936029
303938129
304046705
304078169
304081817
304097393
304138325
304149149
304221497
304242833
304243385
304271705
304327265
304374857
304459637
304474337
304499129
304519565
304622489
304653797
304714289
304721129
304732517
304776317
304777289
304790633
304802669
304814117
304865417
304873745
304985573
305051969
305110529
305218157
305297753
305328497
305342429
305394617
305422577
305449673
305516609
305575757
305609189
305736653
305750837
305751305
305803109
305807405
305942645
305943209
305947985
305965877
305987849
306141113
306142445
306149729
306398249
306414413
306578909
306580373
306603233
306607697
306613529
306678833
306698693
306749213
306802097
306889457
306905309
307004669
307086833
307101917
307140197
307161173
307252373
307281149
307283885
307378385
307420037
307592297
307733153
307772633
307824497
307830557
307869569
307922333
307931069
308049305
308094965
308157869
308163017
308184353
308216033
308254493
308298185
308325833
308361869
308530085
308552453
308647109
308655785
308667929
308745077
308811725
308840945
308857853
308858045
308870993
308880629
308927237
309090185
309101009
309151193
309176189
309233729
309296525
309297317
309351809
309423905
309465785
309505253
309515069
309560105
309580205
309605573
309658325
309688025
309874445
309888305
309916313
310080977
310131653
310223465
310236209
310255925
310338185
310368785
310424597
310531073
310768445
310804085
310832033
310836029
310911797
310925993
310968977
310991777
311000333
311061869
311076605
311088413
311216105
311236457
311251205
311258573
311289485
311364029
311474297
311479505
311519789
311574173
311614985
311643377
311725553
311787929
311811437
311839925
311870825
312019817
312097733
312151769
312152093
312163193
312208769
312242393
312327065
312329093
312332873
312483113
312507905
312545105
312635369
312663953
312679085
312700697
312751673
312797717
312851657
312901349
312973769
313067657
313206389
313258289
313440149
313497017
313497905
313540769
313565309
313566029
313586825
313590233
313627937
313645289
313647005
313719953
313833425
313924853
314007245
314010389
314061149
314064413
314064497
314082893
314131817
314151473
314206973
314254757
314300945
314337113
314341817
314406065
314436029
314438549
314439905
314455349
314586809
314646917
314718905
314723405
314753705
314889557
314924489
314967953
315050165
315065717
315164849
315206405
315332489
315344069
315521693
315555233
315742349
315778133
315845165
315856745
315908225
315935057
315935225
315962297
316011917
316047617
316073897
316120049
316187969
316209545
316238369
316247837
316293209
316304009
316315985
316470449
316475393
316528997
316602305
316610885
316657205
316662497
316700885
316722029
316764785
316776149
316901129
316973969
317011505
317061989
317128853
317133545
317195693
317261297
317365445
317563277
317615753
317757077
317760317
317783549
317987009
318056969
318076217
318109349
318179837
318220133
318264785
318320273
318496949
318540509
318549497
318582197
318717773
318832913
318837113
318870713
318926513
318962453
319018697
319046105
319072037
319083293
319164629
319301417
319379969
319531685
319597685
319599005
319785413
319824233
319884485
319930625
319972985
319981649
320048405
320049029
320051285
320066933
320095985
320149745
320151677
320165429
320236949
320294765
320295053
320411945
320412593
320435849
320482793
320484989
320518169
320545925
320572325
320576969
320595749
320617217
320658485
320687177
320699645
320707265
320859977
320883833
320985545
320995673
320999105
321017549
321048893
321137909
321206717
321246185
321321749
321325049
321330089
321371453
321377837
321390989
321626345
321631013
321656453
321685889
321702869
321826853
321998237
322019585
322035005
322079273
322113413
322172177
322323905
322457897
322468697
322540397
322561133
322587053
322711565
322818425
322847525
322894097
322898777
322903085
322937513
322983737
323046137
323104913
323133065
323141897
323186465
323253257
323268245
323269085
323364173
323379533
323424233
323469257
323489033
323524253
323526413
323555693
323557589
323615153
323698037
323701265
323722865
323759729
323772533
323813885
323865869
323871545
323894165
323974817
323976989
324056405
324063857
324122729
324183857
324225557
324328169
324364877
324462989
324503213
324522953
324525533
324527189
324566285
324652229
324680777
324688469
324716105
324740429
324746873
324785333
324864953
324898937
324934133
324937985
325005737
325087817
325149317
325194929
325209809
325214657
325229237
325255169
325271849
325285289
325290677
325303037
325395797
325396469
325475945
325492985
325514477
325522637
325527929
325535885
325547153
325550777
325630637
325696193
325784597
325793837
325809677
325823369
325881113
325906217
325951445
326017733
326036585
326048117
326058785
326084105
326097509
326114225
326165057
326223497
326257877
326284217
326323397
326356565
326358497
326375909
326387057
326415557
326456309
326463449
326504657
326516057
326544173
326589317
326668157
326675093
326716073
326722637
326725553
326770517
326862665
326914337
326923637
326987753
327010757
327079289
327111929
327123905
327249149
327264329
327309293
327320297
327361397
327396665
327436637
327444137
327488153
327564485
327568877
327595385
327607757
327640925
327666497
327696929
327700289
327736265
327740105
327797033
327835817
327917225
328055273
328084277
328109285
328109333
328195349
328324217
328369229
328522097
328635413
328638377
328674809
328735265
328736285
328782629
328833617
328909193
328915385
328958669
329057285
329094785
329172785
329201393
329212565
329226065
329264489
329281673
329302097
329410109
329483033
329483069
329491097
329499425
329564057
329583509
329583665
329658185
329660129
329815637
329852465
329870873
329919653
329953169
329953397
330111185
330114029
330146165
330160085
330239777
330305969
330311537
330474689
330491549
330512225
330576725
330577073
330674105
330686777
330689873
330696269
330775589
330816197
330832589
330868097
330879209
330928865
330979265
331009493
331018325
331193597
331243013
331247393
331249709
331301825
331323413
331429253
331593869
331638893
331646477
331647029
331673405
331681829
331691273
331762757
331775573
331884137
331902113
331957133
332018693
332086625
332207993
332245133
332249657
332473229
332520377
332549645
332577377
332631353
332661773
332698049
332712005
332799269
332837405
332846273
332967965
332995013
333135653
333207113
333219137
333348089
333364337
333381257
333403985
333431117
333444437
333449705
333513353
333517565
333628133
333648533
333752489
333818177
333863369
333885233
333893657
333899705
333907853
334009397
334052729
334064897
334108457
334140737
334157573
334281017
334303133
334324673
334331297
334348829
334357577
334369757
334385945
334414709
334468889
334555817
334564865
334665953
334674449
334677185
334682405
334684217
334711889
334724369
334727729
334816397
334824029
334948013
335004593
335160077
335187893
335238245
335248565
335255333
335270345
335427893
335453573
335532977
335591093
335658377
335701985
335812565
335815577
335832473
336031709
336068849
336103373
336140237
336187277
336191093
336213605
336232337
336248069
336265817
336376997
336442217
336446645
336464405
336479717
336541553
336578129
336693629
336751685
336788477
336805757
336806513
336844805
336845165
336872549
336891017
336945965
336976157
337005497
337105313
337133525
337137893
337198793
337276685
337439093
337479485
337727045
337731617
337759133
337776029
337801145
337826957
337835309
337845605
337901213
337961693
337995449
338009537
338039057
338082029
338140925
338204345
338269625
338375225
338383949
338416037
338416865
338424533
338445185
338518565
338523137
338604725
338637449
338753645
338769017
338843357
338889929
338891477
338893853
338961689
338964833
338975693
339031073
339070733
339123365
339259457
339324005
339365885
339375953
339423629
339455417
339468293
339528617
339584057
339595133
339637577
339692657
339706109
339712553
339712709
339757529
339809789
339821429
339834317
339900713
339971057
339977405
340262909
340292117
340316033
340322657
340420529
340436705
340457789
340589945
340690385
340973057
341008625
341097809
341282777
341326445
341374649
341437685
341440625
341472197
341491325
341516489
341517893
341558417
341569109
341598593
341675213
341783309
341809973
341953469
341980169
342020225
342041273
342050093
342067289
342150437
342160409
342217733
342240869
342283817
342328685
342338417
342397649
342414245
342426833
342452129
342453329
342511733
342523985
342558413
342559733
342596189
342806369
342818633
342848813
342872237
342882389
343007129
343071317
343075733
343087325
343089029
343106957
343141205
343160237
343202177
343262009
343350713
343358225
343508849
343526189
343561517
343622465
343644557
343734965
343948505
343959509
343980509
343989485
344027597
344039417
344096765
344117045
344132033
344167589
344179337
344309153
344327393
344387117
344389049
344436125
344439149
344506877
344528429
344541569
344571413
344571653
344681357
344756525
344785913
344811149
344841353
344861537
344883053
344926097
344943317
344944745
344958569
345020609
345051893
345066557
345100397
345113825
345152273
345174317
345176165
345327065
345334013
345336209
345374369
345391493
345458333
345475829
345480017
345554045
345563705
345584153
345671645
345797285
345858449
345932285
345957125
345997865
346053005
346065173
346104233
346125017
346126757
346150253
346176233
346191689
346235957
346286045
346428089
346645313
346657829
346706345
346715597
346791185
346946009
346956713
346985909
346993853
347025137
347050589
347058977
347065649
347131937
347162465
347211233
347250845
347281337
347297633
347333489
347351417
347384345
347386589
347400233
347610497
347638673
347847797
347921945
347994857
348044249
348057953
348067649
348150029
348200009
348236309
348253913
348370193
348448769
348534305
348554273
348559289
348639317
348653117
348698609
348759113
348785045
348851117
348879377
348893513
348917945
348961229
348996437
349179809
349187117
349202417
349213697
349273373
349376237
349397549
349407953
349426325
349493333
349534385
349552889
349596713
349600013
349605893
349670453
349757069
349907033
349920689
349975445
350084165
350084669
350106809
350138477
350208725
350260757
350376353
350391377
350538557
350563949
350627453
350719169
350762789
350817893
350900933
350951297
350965325
350966297
350987969
350993105
351083873
351099185
351129605
351142349
351229577
351365297
351370337
351491165
351587429
351602429
351684413
351689873
351698117
351704189
351733289
351755837
351784289
351785573
351819917
351862817
351909953
351942857
352032065
352052345
352060013
352062953
352125617
352170209
352183013
352192925
352245257
352285373
352285517
352324829
352401437
352448837
352483397
352526549
352552193
352813973
352867457
352901837
352973033
353001425
353058125
353104877
353113853
353151029
353223773
353305385
353327093
353346809
353358389
353380409
353414717
353448869
353589029
353593877
353609813
353615429
353625905
353652353
353654393
353686337
353686529
353713109
353725757
353749589
353765069
353855429
353893949
353962517
353991377
354002849
354088889
354094529
354115109
354131309
354164213
354174677
354271277
354290189
354303725
354323033
354375413
354386057
354401645
354440045
354456077
354473285
354507245
354606845
354639425
354814517
354900929
354927605
354949433
354999653
355086725
355096049
355121897
355134065
355157633
355334153
355346225
355387385
355452677
355463357
355479893
355544825
355682597
355690205
355775153
355819217
355838225
355860473
355936865
355941713
355944497
355954313
355968833
355979033
356032037
356041613
356138165
356174657
356188097
356267969
356268437
356299937
356343233
356350289
356356265
356432165
356554817
356577389
356664173
356713565
356717453
356759033
356767445
356806097
356809409
356922929
356991869
357022793
357153677
357207953
357219257
357247097
357311045
357325757
357481433
357572129
357604817
357622289
357664409
357678257
357742565
357765965
357768785
357807185
357823037
357869189
357957533
358066349
358077317
358093145
358149809
358152977
358154273
358171253
358254317
358256897
358277717
358298009
358365377
358369133
358382717
358516049
358547669
358630685
358635677
358716557
358755689
358777229
358797149
358822517
358909409
358979477
359019605
359041085
359058329
359126129
359150657
359207549
359211353
359257517
359302325
359354225
359412665
359476949
359482229
359490905
359599565
359700449
359749193
359825477
359870717
359891969
359941265
360007229
360024677
360058805
360077093
360172109
360177689
360178985
360203225
360217469
360223073
360256505
360265505
360358613
360537197
360548849
360570377
360637829
360665729
360666653
360683873
360694937
360698273
360719285
360796073
360818597
360818933
360841097
360903077
361059773
361074773
361118597
361188149
361189745
361236653
361275737
361308245
361341245
361383329
361385897
361399793
361452137
361461713
361509377
361544117
361564733
361633565
361640189
361667537
361684733
361747697
361788449
361795553
361859057
361914017
362073797
362082509
362178509
362242865
362261933
362279897
362300033
362300069
362313389
362357885
362426585
362502389
362526185
362533049
362534585
362646485
362762105
362827577
362868773
362944625
363102545
363106349
363108425
363126557
363160157
363200549
363250097
363306485
363350165
363387653
363392729
363397745
363459953
363472529
363582797
363648437
363679769
363808733
363811385
363839465
363960605
363993785
364079177
364082765
364111409
364122869
364136237
364259189
364277933
364295573
364345685
364405877
364415993
364431833
364473725
364486013
364489205
364509509
364536269
364605029
364621937
364679237
364684433
364799369
364890173
364929545
364948133
364950365
364955609
364994225
365010689
365017505
365141453
365175605
365201309
365281769
365299805
365332589
365367929
365523917
365594813
365614193
365702237
365824925
365987777
366088253
366109433
366136205
366187205
366217409
366298373
366382517
366576365
366673745
366694265
366730349
366749933
366763409
366806789
366833765
366858317
366865673
366959177
366991373
367034465
367034753
367061765
367068449
367083977
367093817
367148033
367210385
367225109
367249397
367273397
367321097
367325129
367330817
367347713
367363073
367438805
367469705
367480625
367512185
367581605
367719413
367839665
367873385
367930757
367942397
367960985
367989593
368003537
368161877
368224997
368392493
368410589
368438945
368468705
368491085
368604485
368668769
368669333
368678789
368713373
368718185
368776913
368777297
368809337
368876369
368904029
368956757
368985593
369056897
369158093
369196793
369241877
369271949
369358013
369420437
369432389
369465269
369481109
369484169
369535769
369606653
369635873
369658313
369681077
369790277
369899093
369962729
369970289
370025645
370049357
370057673
370083857
370152965
370243697
370266989
370311989
370312709
370446077
370465385
370483013
370491113
370522313
370604297
370640765
370648949
370693985
370771205
370846337
370902929
370912865
370928045
370951253
370952333
370958537
371068265
371084273
371120657
371134757
371233553
371250317
371266385
371269085
371331065
371400077
371525789
371528249
371544737
371684585
371706173
371715917
371741369
371787857
371826557
371842745
371902325
371950445
371968997
372015785
372020309
372111989
372135893
372145133
372292397
372306449
372311237
372311849
372318617
372395357
372416693
372419165
372464093
372513665
372531737
372653945
372693569
372804377
372821813
372835649
372864125
372878345
372893045
372926693
372966965
372978857
373050425
373086677
373246157
373265885
373350857
373421189
373434713
373464557
373489673
373549505
373606577
373679897
373723889
373784045
373801757
373844645
373910765
373936277
373961909
374023553
374063597
374107037
374112905
374128109
374180465
374189165
374222717
374238365
374262257
374277317
374282129
374305637
374362325
374465165
374545433
374550065
374559833
374625185
374713625
374825057
374846573
374860973
374885705
374886725
374975537
375012125
375104189
375117725
375179813
375245945
375248273
375253793
375272993
375278033
375353453
375373757
375390989
375509405
375525713
375529133
375532409
375539993
375553589
375570845
375584705
375610193
375630365
375726245
375823169
375959333
375976817
376005509
376012865
376106849
376207877
376243769
376313777
376456937
376648493
376664417
376666337
376666373
376668857
376770749
376872485
376873049
376912337
376972817
377053373
377060969
377123285
377316737
377345273
377370389
377372117
377542205
377554385
377597417
377686037
377735285
377744093
377773229
377784869
377787785
377791337
377794625
377803985
377880185
377939129
377948309
377949893
377955197
377974289
377988845
378000053
378038357
378109529
378163145
378203825
378235589
378245357
378276485
378309293
378351005
378358097
378449357
378478409
378511145
378533609
378614873
378660737
378761717
378963137
379055933
379074065
379127993
379187813
379232789
379252829
379264373
379279937
379313165
379421549
379429109
379576805
379596137
379646057
379665989
379722089
379743473
379745045
379843229
379911257
380127893
380132753
380314385
380327069
380432249
380434529
380479553
380511113
380517113
380615897
380630765
380655965
380669777
380771045
380848733
380882993
380898605
380918993
380947265
381080189
381109313
381254213
381336269
381369929
381380333
381431453
381545945
381585617
381592169
381612497
381829049
381910613
381936605
381985709
382017437
382029485
382057805
382152953
382241717
382292453
382347353
382404845
382447253
382528625
382548089
382595477
382749749
382829993
382848149
382856849
382883393
382904189
382940177
383150405
383160197
383161073
383171957
383200997
383246357
383248829
383253857
383349629
383382209
383403233
383408513
383415353
383421317
383429957
383437673
383502437
383593217
383679953
383723585
383764913
383774153
383787473
383863217
383913017
383915909
383931677
383940257
384039305
384063713
384071525
384079685
384214589
384257657
384317753
384335657
384347897
384371609
384459233
384459785
384460205
384471569
384508277
384508589
384604877
384727133
384865157
384870713
384890573
384917597
385013549
385025105
385044653
385083269
385128545
385132769
385166537
385320197
385368809
385369925
385393709
385406573
385474697
385502657
385535549
385540337
385549409
385592273
385605953
385634225
385835093
385930637
385935305
386004737
386027465
386046317
386127629
386133473
386173145
386205785
386235293
386255597
386277317
386316185
386357357
386390429
386439809
386549009
386640989
386668757
386676953
386677733
386686805
386789693
386866565
386875913
386962049
387023069
387189785
387256133
387259445
387350765
387420113
387429533
387466853
387511649
387534725
387562469
387570113
387628865
387679193
387722453
387763577
387826649
387891797
387922829
387962309
387980093
388088573
388100693
388156685
388165025
388264649
388408565
388459229
388556633
388774133
388792445
388826273
388952033
388955945
388981577
389195765
389220977
389258885
389297537
389336069
389439245
389459705
389495345
389539889
389546885
389610977
389675465
389718857
389750057
389767829
389807549
389832257
389841137
389880473
389897369
389912153
389992985
390111809
390114269
390186797
390189425
390216413
390269213
390283565
390390017
390432953
390497213
390529709
390536153
390554273
390778673
390780893
390781373
390824873
390867509
390960077
391070225
391147649
391150949
391156097
391307897
391361069
391375625
391396157
391474685
391478489
391560305
391564625
391606709
391608689
391659497
391673489
391713089
391721285
391727237
391748045
391776749
391806797
391811729
391924877
392017133
392042213
392042525
392099705
392125385
392144585
392191085
392261345
392343665
392367305
392409749
392414657
392581169
392642933
392684453
392744393
392830325
392862533
392876333
392891309
393046829
393069893
393103145
393196025
393315137
393337973
393409493
393438125
393473069
393493877
393495017
393520037
393569249
393593429
393609989
393678737
393826517
393945497
393949097
393954305
394034285
394115009
394138517
394139633
394153913
394156733
394269173
394280585
394284545
394291505
394323893
394344665
394411973
394444445
394586357
394593389
394689557
394710377
394742669
394764125
394771265
394795589
395042117
395099885
395143253
395167829
395175197
395177297
395184677
395221025
395244377
395274557
395327393
395380205
395413109
395421017
395438669
395439365
395493533
395518637
395667593
395702573
395715989
395830025
395902745
395929013
395953505
396067733
396093689
396100733
396220277
396348077
396358805
396381149
396424349
396506729
396532553
396581009
396636533
396681485
396699245
396819953
396824525
396855665
396913385
396918233
397015253
397015325
397030877
397116149
397132397
397303337
397404977
397615529
397632029
397680965
397695725
397742693
397790645
397806749
397815809
397830485
397891205
397912697
397939277
397957337
397980017
398055389
398070869
398183765
398458709
398468813
398653049
398695829
398770385
398826797
398858549
398889029
398926937
398980709
399014105
399035249
399037817
399076409
399143549
399194225
399240437
399250289
399261917
399262433
399284765
399380993
399383093
399426245
399449393
399513017
399540329
399570185
399570713
399689069
399751793
399757133
399794597
399872297
399877433
399885449
399918413
399926009
400058645
400078193
400096745
400101317
400128809
400138637
400226189
400230113
400296533
400322573
400328069
400392629
400433849
400519229
400602017
400797989
400865225
400877225
400905809
400934237
401001833
401008313
401080985
401127317
401145389
401209169
401276993
401329445
401374265
401390237
401559569
401560025
401677925
401686793
401697905
401797229
401803877
401848949
401940749
402105653
402120965
402165833
402340733
402406277
402551777
402566825
402608333
402610277
402705533
402751025
402804617
402844709
402850397
402871913
402910169
402954053
402996497
403000577
403027649
403139393
403173749
403189157
403196213
403226729
403227257
403262549
403322393
403361237
403562957
403583165
403613417
403924769
403959545
403985309
403994813
403998173
404001665
404062397
404173757
404196329
404244533
404304929
404400365
404442137
404710277
404728205
404750489
404751557
404761349
404792609
404839817
404853929
404862185
404881517
404909369
405025097
405035225
405131825
405159257
405194717
405214025
405245309
405333485
405388697
405498413
405534485
405576449
405595445
405612017
405620969
405640697
405662045
405701225
405703625
405760565
406062845
406068209
406078085
406098953
406114385
406264865
406433993
406520093
406697093
406763069
406770125
406809305
406832513
406840745
407044169
407049605
407061845
407080757
407107877
407112989
407128313
407152205
407185397
407185517
407464505
407475389
407483657
407631605
407685473
407694917
407701529
407703233
407703353
407706113
407906993
407988533
408037973
408121817
408255089
408292853
408295193
408299189
408353705
408374537
408375953
408386849
408415589
408417017
408429629
408465317
408484457
408639053
408683033
408764597
408849257
408891353
408951005
409021037
409032593
409048805
409056017
409091285
409162829
409193357
409199225
409290005
409299629
409308053
409326665
409369733
409541429
409564169
409574045
409577585
409594277
409597745
409668797
409741193
409850189
409890557
409900613
409934369
410005565
410056529
410089757
410091869
410142473
410179589
410250713
410297885
410356997
410434949
410584433
410724125
410736149
410736497
410737325
410782385
410817065
410894069
410919209
411000185
411017933
411086765
411107129
411164489
411169265
411183857
411191057
411255437
411260405
411377453
411411545
411511013
411572273
411580037
411591533
411593609
411645689
411712025
411748985
411764465
411806129
411810365
411908813
411942137
412043105
412069517
412075577
412093853
412199957
412261949
412268849
412285193
412297949
412493249
412515689
412578317
412602389
412630757
412645817
412780829
412833065
412888733
412898885
412953833
412973945
413157725
413229809
413240729
413257793
413265137
413274209
413280557
413388305
413432909
413676449
413717357
413740205
413826137
413849993
413852057
413911025
413915957
413956829
414033809
414044837
414122873
414153773
414160769
414318917
414332873
414355877
414357005
414444437
414448625
414611237
414652337
414660173
414733397
414733865
414748085
414847469
414852557
414875273
414944633
414999533
415009277
415031645
415088477
415102817
415136033
415357505
415517045
415520633
415538297
415585397
415588985
415599449
415683605
415690565
415729025
415730885
415791233
415848377
415942889
416005349
416005457
416031557
416207237
416279489
416303369
416367833
416381897
416393489
416486897
416516825
416560037
416572889
416600513
416629373
416712269
416900237
416925593
416975345
417003293
417016625
417065537
417090113
417113525
417116909
417229553
417282065
417345557
417500933
417521093
417545069
417597509
417611729
417625277
417688325
417691313
417695753
417861197
417894557
417910973
417936905
417937457
417957329
417983357
418003829
418026437
418058165
418088009
418088693
418104905
418129769
418178237
418191173
418235885
418351013
418416005
418425545
418466957
418480985
418532345
418699889
418739369
418754285
418795769
418820045
418904693
418924805
418986305
419021693
419204297
419216405
419218997
419339213
419399237
419409473
419531825
419551205
419551517
419636237
419664557
419724689
419744093
419755013
419858465
419942753
419963393
419973473
420043973
420050453
420051209
420088253
420098393
420169589
420343145
420455309
420458909
420506645
420523337
420575609
420613289
420923045
420958193
420993689
421046969
421186913
421305077
421313537
421409153
421487897
421517309
421535765
421588613
421656593
421688957
421705913
421766369
421849313
421873445
421884665
421933769
421973333
421983905
421988873
421993409
422026133
422046413
422073149
422302145
422342609
422415257
422441117
422444405
422449709
422470733
422509625
422609213
422709857
422730293
422844329
422847473
422985653
423019709
423027209
423038309
423138245
423243413
423260957
423294605
423329057
423391757
423452849
423517973
423520913
423524477
423531989
423545909
423549449
423622577
423702233
423708437
423739457
423822533
423896309
423918593
423982217
424060613
424129913
424168073
424208585
424295957
424352729
424352897
424409093
424414337
424453685
424454645
424468133
424636673
424664045
424722185
424734413
424739957
424771973
424780313
424816253
424822265
424847837
425001605
425007569
425074397
425136653
425152589
425201393
425202797
425231465
425362277
425382749
425393693
425485877
425489237
425508929
425723837
425725097
425752697
425824889
425898833
425919593
425944817
426003677
426057269
426086009
426105569
426144905
426183185
426264125
426311309
426315377
426460577
426483929
426539705
426571013
426575645
426617693
426622445
426658637
426681737
426755357
426845945
426849605
426863837
426954353
427055189
427100477
427210673
427217225
427218749
427302113
427385105
427396553
427408337
427477169
427483913
427522877
427545437
427582793
427591373
427614569
427824317
427867133
427876613
427905773
427998533
428017505
428053025
428170877
428189909
428191625
428212985
428228549
428231585
428284865
428288105
428370389
428448845
428462165
428587625
428612465
428670857
428680349
428684885
428705765
428706845
428715833
429000473
429001217
429005057
429136673
429235937
429270833
429291185
429325169
429414557
429459953
429535877
429556925
429646565
429664469
429673493
429836105
429871097
429931589
429932633
429934805
430010393
430048325
430153997
430167209
430277609
430322933
430336025
430387433
430395197
430496669
430502045
430527089
430544309
430551257
430979153
431040149
431076509
431297357
431339945
431370413
431400677
431440013
431614205
431637797
431713157
431746169
431772029
431795693
431818889
431908853
431914025
431932865
431945573
431954789
431966813
431967785
432033953
432085745
432129797
432163589
432185069
432333653
432405449
432407273
432440645
432494165
432511769
432535265
432566009
432567797
432655313
432656549
432848585
432982889
433032593
433067117
433079357
433166273
433169465
433225385
433240409
433250597
433297313
433308305
433390469
433412033
433438829
433477673
433660637
433672097
433796633
433823669
433924565
433952357
434029565
434037233
434179733
434212973
434230877
434251013
434257517
434275349
434277077
434310029
434363453
434370917
434426717
434437265
434446373
434474933
434475329
434518613
434548985
434662445
434665193
434679809
434706809
434787725
434795513
434817533
434866433
434903717
434915909
434918945
434969813
435003605
435045413
435157385
435172265
435281573
435283517
435328229
435360173
435363485
435378665
435381929
435531089
435532493
435567653
435750185
435782417
435817049
435918437
435963149
436038389
436140869
436165409
436251317
436303865
436329977
436344773
436389509
436390505
436427765
436437725
436481585
436778273
436845305
436888817
436905437
437091329
437092013
437164973
437227397
437270357
437276969
437287385
437348297
437372297
437430857
437456369
437472677
437564777
437583233
437655473
437740937
437787209
437832665
437922209
437929265
438045557
438159869
438201149
438280253
438280769
438360773
438402593
438409685
438469409
438485237
438578789
438683753
438686729
438714137
438755009
438814517
438868097
438893357
439015997
439079045
439081973
439131245
439143569
439157177
439189577
439191785
439241213
439281533
439367453
439451465
439735577
439748069
439785209
439789589
439790285
439815845
439820213
439823837
439876025
439903145
439955429
440052089
440140193
440158409
440283017
440312789
440323745
440382653
440390753
440465585
440571545
440589569
440665337
440668817
440686169
440724617
440734109
440769929
440777777
440797085
440825249
440834705
440842265
440848937
440849813
440911325
440916629
440925029
440954273
441033233
441168353
441177377
441217553
441379373
441403325
441477029
441490097
441574733
441581909
441586325
441758093
441795653
441799085
441810557
441834809
441856049
441867833
441993545
442026449
442026989
442033793
442037177
442070105
442131749
442132997
442138397
442144973
442216877
442223225
442372469
442381217
442439777
442457753
442478345
442501805
442545809
442549349
442561589
442621277
442662809
442671653
442741937
442759205
442806893
442934549
442938905
443027105
443069285
443080253
443268389
443284205
443357597
443406509
443414657
443438897
443588009
443630453
443734553
443741609
443785229
443827553
443868449
443972213
443983685
444036209
444154373
444160529
444239573
444295949
444361265
444361877
444391109
444422273
444504425
444561953
444609173
444666977
444673145
444701633
444770633
444776045
444781169
444787145
444852629
444923753
444962993
445052297
445110449
445125665
445251833
445405565
445408445
445455797
445496513
445617593
445632845
445663853
445730285
445773845
445817645
445830977
445872353
445888409
445894193
445912697
446003837
446012873
446051549
446156609
446173985
446221745
446250389
446265365
446342993
446356985
446364089
446445965
446496293
446507885
446590625
446607857
446612465
446614913
446660897
446821733
447002189
447004985
447181217
447224345
447225365
447243797
447278213
447363173
447364289
447407369
447425609
447470825
447506249
447644645
447658589
447704813
447705797
447707489
447751049
447803069
447864773
447928625
447935969
448074737
448119305
448125605
448129553
448148009
448187705
448230509
448232153
448245533
448323509
448398905
448500569
448519625
448526357
448579505
448593617
448611065
448741145
448756673
448875665
448890317
448902125
448960985
449004773
449067545
449091089
449150297
449169413
449186357
449239769
449252969
449264009
449373233
449408345
449451257
449488109
449497637
449607725
449642837
449684357
449701493
449773985
449795009
449849609
449937989
449972405
449986205
449995817
450033797
450039293
450041717
450059309
450086525
450147653
450191477
450209117
450224369
450288077
450292013
450345077
450365417
450425825
450503345
450541253
450550925
450554609
450593729
450668309
450710057
450723689
450784145
450877433
450893609
450911093
450970325
450994097
451076585
451082177
451101185
451105109
451122953
451127909
451152329
451190153
451243013
451244597
451380845
451390889
451464053
451518929
451611965
451613729
451625273
451636085
451754225
451785773
451929185
451943069
451950497
451952789
451962125
451970753
452007977
452059517
452170109
452170517
452174393
452189405
452217533
452262557
452283713
452391737
452404169
452509373
452591165
452617289
452628977
452697809
452757353
452757437
452805665
452886965
452917157
452944169
453058313
453061997
453066125
453092069
453099413
453107873
453129557
453157769
453273965
453275849
453294569
453407213
453424133
453446525
453472493
453540989
453546617
453560525
453568085
453581993
453585245
453607097
453616145
453632225
453705077
453712229
453746093
453760877
453762005
453778949
453862589
453954449
454099973
454115369
454132313
454139045
454256237
454268849
454277117
454368737
454442189
454460765
454492409
454582013
454620005
454646393
454659233
454665509
454683857
454965209
454969373
455009105
455026985
455054969
455091929
455096429
455108333
455124605
455210969
455255225
455410157
455421329
455463425
455468369
455517077
455570333
455593709
455698769
455830025
455875949
455898785
455923529
456073937
456127265
456132677
456219977
456227285
456343109
456361745
456382973
456420329
456431429
456457769
456497885
456566117
456634949
456665429
456711437
456772637
456864317
456891965
456892889
456901145
456965069
457106009
457117949
457154849
457272149
457272353
457286045
457399325
457399865
457410869
457483673
457519037
457584833
457607417
457632509
457651337
457659689
457741805
457803533
457831409
457847297
457848593
457866869
457948805
457969673
457972253
458019245
458085389
458092253
458097797
458103029
458133437
458204237
458220437
458229797
458238725
458545529
458624069
458688989
458757605
458771873
458814389
458827937
459112529
459312809
459334805
459379817
459425765
459569345
459576869
459642893
459695909
459711209
459744233
459769745
459820445
459952505
460028525
460075913
460083725
460193285
460233269
460292669
460313633
460505213
460519013
460621865
460689605
460782665
460882337
460982249
461002685
461021825
461054465
461073845
461186345
461275097
461302265
461324885
461391029
461395949
461447369
461462789
461477129
461522897
461574629
461606393
461734649
461766077
461779277
461786837
461846645
461860673
461870129
461893769
461916017
461934833
461977505
462020609
462125249
462239669
462263717
462280085
462426257
462479213
462620345
462641705
462750989
462762257
462831065
462869429
462887009
462896213
462898877
462981089
463043249
463080317
463222205
463286513
463298633
463317257
463357613
463400717
463407209
463495589
463544393
463650785
463672493
463689089
463739585
463837517
463936889
463945229
463977269
463998713
464045993
464116013
464165405
464186465
464227337
464238785
464302937
464312225
464364677
464423405
464430953
464583749
464596685
464614253
464635133
464693417
464697077
464764457
464784773
464892953
464907737
464949029
464955125
465168113
465340145
465367925
465373937
465466217
465529085
465565769
465708365
465782009
465786905
465807053
465920957
465985685
466013477
466151777
466151813
466156625
466192637
466291529
466406585
466462109
466469009
466531217
466539953
466552397
466689989
466756805
466826897
466837433
466846829
466851977
466869665
466871033
466882109
466964333
466979345
466985057
467112509
467135309
467161037
467204945
467206817
467226905
467245133
467354693
467399933
467488409
467511449
467523329
467628449
467629757
467640113
467657009
467668169
467694653
467770337
467791589
467809145
467900297
467951993
468026297
468043913
468044909
468046253
468057449
468113237
468115817
468175385
468181553
468224429
468282317
468336149
468390977
468433637
468520193
468606845
468704177
468760757
468773705
468774137
468787625
468903389
468949613
468985625
468988985
469076489
469107569
469219673
469235645
469254617
469283477
469299317
469333169
469341893
469392785
469433069
469442453
469508417
469535153
469540853
469582625
469600229
469610093
469621529
469684145
469753217
469756469
470010797
470014829
470015057
470095505
470200289
470237045
470250305
470274473
470387657
470393465
470469593
470546933
470551649
470574929
470607245
470617985
470632085
470637593
470693585
470711813
470754389
470765645
470791565
470846753
470911997
471052733
471059933
471104105
471115229
471152585
471154745
471211385
471215393
471217409
471258929
471263285
471296753
471300497
471391493
471391733
471396065
471453149
471458765
471469997
471522377
471547025
471586289
471595313
471662057
471801029
471862229
471906317
472099625
472211069
472333517
472344605
472387289
472442453
472445729
472451045
472494845
472505453
472506845
472535657
472611965
472771949
472781813
472784189
472834445
472856885
473031305
473040905
473051393
473057177
473111537
473198249
473200769
473253065
473272817
473375333
473406293
473437997
473508197
473535569
473631077
473678873
473772773
473882933
474008597
474061985
474104165
474166949
474198929
474212357
474233885
474251117
474268385
474303485
474375065
474383297
474522965
474551525
474616289
474638225
474653333
474682733
474801557
474928229
475094777
475146365
475178045
475181705
475193213
475223777
475347893
475427405
475547093
475626509
475683557
475688573
475693985
475876985
475899065
475925537
475932833
475991489
475998653
476005517
476151149
476192945
476196833
476210417
476312465
476315057
476316365
476317049
476327993
476386517
476408285
476414069
476451905
476568377
476635013
476636933
476674145
476742797
476810897
476823953
476878709
476905793
476922005
476957405
476979137
476990525
477071333
477075617
477157013
477179429
477209597
477221405
477298349
477324977
477334745
477343625
477356009
477373625
477421349
477430889
477442997
477553853
477647393
477677597
477699473
477700289
477709049
477728717
477733373
477751469
477790409
477874709
477892217
477915257
477921233
477969329
477989189
478002929
478034957
478050293
478066229
478107809
478225373
478234925
478287857
478288625
478307093
478318097
478365437
478389413
478429349
478451933
478567169
478632377
478638557
478666709
478674437
478736009
478750973
478756025
478768937
478769057
478805345
478870025
478888373
478904129
478947137
479032517
479046797
479076665
479088533
479095709
479184929
479196017
479212577
479233565
479292113
479415473
479599337
479682425
479696729
479820233
479924777
479932757
480067697
480069845
480074033
480101537
480152225
480176225
480199577
480207893
480212993
480228689
480315953
480344897
480396785
480411533
480421697
480461909
480514265
480571769
480602357
480636017
480671513
480760937
480809405
480836777
480852473
480940925
480950897
481000673
481047269
481119929
481198289
481240133
481343393
481421885
481434545
481445777
481518437
481523957
481552517
481609505
481609853
481628069
481659473
481706117
481733729
481742597
481757777
481769609
481790477
481836809
481841333
481854317
481903637
481936637
481967093
481973357
481974329
482030897
482117357
482199317
482204465
482225237
482245049
482260745
482271593
482297597
482365253
482377409
482452289
482468333
482538713
482657249
482700233
482716193
482770973
482786585
482949449
482968373
483130673
483321773
483337817
483365477
483374657
483400793
483413993
483539717
483542837
483633905
483739145
483743657
483802589
483869405
483971237
484099253
484146785
484208957
484227713
484253405
484258649
484344533
484355177
484421885
484424345
484426229
484534985
484672265
484712045
484729049
484760405
484780877
484791149
484792085
484816625
484966937
485004797
485017145
485099369
485111633
485332205
485401397
485471225
485586365
485601425
485618693
485714237
485720705
485796605
485799665
485802317
485865353
485873825
485995553
486001733
486049529
486090017
486096293
486148109
486188993
486228989
486238997
486270413
486279449
486283325
486451505
486493193
486612137
486642173
486669737
486748193
486785045
486787853
486903245
486909209
486930545
487153805
487169813
487209737
487221053
487263605
487326797
487353185
487455785
487459385
487533497
487571057
487645877
487754537
487761593
487845953
487973609
488157029
488210273
488219609
488349965
488375609
488385185
488421605
488502197
488584025
488617073
488791577
488810069
488934809
488979653
489036953
489100385
489161033
489206249
489206969
489236585
489248129
489313469
489343649
489379553
489416213
489418349
489418889
489514889
489559505
489602357
489607637
489613025
489621845
489666209
489688529
489696389
489808085
489828293
489879773
489910769
489911093
489923969
489974945
490022033
490080869
490298777
490415633
490468793
490468889
490478285
490522985
490532273
490572389
490572653
490579877
490637525
490655765
490668149
490696037
490716293
490797677
490873013
490887269
491099633
491114009
491271605
491383109
491403377
491411765
491457365
491474537
491477645
491503157
491529917
491554097
491568593
491578745
491619005
491625749
491632757
491652245
491659385
491700473
491723345
491780117
491837885
491876249
491905349
492026933
492053117
492104549
492193505
492202277
492210869
492227729
492297077
492317873
492350549
492425297
492453365
492473453
492564005
492589265
492647945
492666317
492683789
492726353
492747413
492778157
492799865
492844853
492857273
492913769
492934565
493032053
493053737
493066973
493134353
493204313
493217225
493257665
493300457
493314965
493321373
493342505
493387217
493391177
493393649
493473053
493619669
493662749
493687025
493691657
493764065
493782077
493792013
493859609
493963877
494090813
494106425
494152289
494190353
494405885
494411405
494455493
494472389
494480525
494486873
494528969
494559833
494621249
494747453
494751893
494769605
494788733
494821745
494853017
494859533
494870213
494895905
494903753
494924093
494932757
494977349
494992205
495037973
495110873
495255809
495555653
495699593
495732653
495773969
495788417
495835133
495852413
495854717
495890513
496017449
496018265
496064645
496107197
496186445
496286945
496364309
496492625
496562645
496621397
496696289
496699049
496729553
496745753
496770065
496780409
496800857
496832237
496888685
497015609
497026265
497174117
497192729
497194613
497243573
497280929
497292233
497329829
497404205
497409689
497500997
497583185
497615609
497616545
497643749
497708309
497754365
497764565
497831477
497844773
497873837
497875145
497900525
497996813
497997569
498010709
498234017
498242933
498248345
498276449
498279425
498393545
498405617
498408125
498422657
498525233
498694577
498731945
498864269
498961937
498995885
499035617
499046717
499156493
499227725
499244045
499287713
499340633
499411625
499424717
499429145
499429685
499469057
499529573
499619945
499703225
499755317
499794965
499861325
499917209
499935773
499952225
499994453
499997177
500007245
500022053
500092757
500146433
500356625
500372897
500522933
500583677
500664533
500681609
500745953
500771333
500805809
500867477
500880089
500905973
500951765
501062405
501066425
501076877
501108017
501141689
501152597
501172949
501390329
501409433
501465065
501572369
501600389
501616865
501668129
501705197
501742457
501849605
502021145
502173605
502187165
502369337
502385885
502467953
502536965
502555997
502559225
502564973
502600325
502607189
502742309
502799273
502839077
502885673
502985717
503035469
503118305
503148113
503172545
503313377
503330693
503425769
503474249
503477189
503616989
503645549
503695613
503760197
503765549
503790965
503812469
503826809
503929553
503983805
503999345
504019757
504052325
504063473
504069305
504090677
504121409
504145913
504163253
504166229
504171413
504207845
504274517
504305969
504333509
504339713
504465149
504522149
504670769
504695657
504697553
504716993
504723437
504729077
504746213
504800777
504840293
504905513
504985169
505021229
505102925
505212149
505227317
505320053
505328669
505369385
505379909
505526489
505542233
505627517
505699097
505803065
505850789
505863677
505891097
505991525
506004329
506136593
506139269
506188037
506239889
506295233
506321105
506338757
506382689
506432489
506460017
506463065
506477333
506521973
506524277
506535989
506548385
506600753
506650565
506687909
506698349
506729909
506810093
506905109
506906693
506921969
506999945
507018629
507055073
507089069
507108677
507108953
507226037
507263309
507322697
507389165
507424313
507436613
507445733
507527549
507584897
507612293
507648317
507690005
507811037
507846389
507940217
507953873
508130165
508150937
508162085
508208357
508219205
508229369
508294169
508316945
508335413
508344233
508351553
508385573
508574405
508707029
508721213
508732853
508733837
508814645
508828925
508839929
508862945
508934333
508991789
509149637
509174585
509181809
509214353
509218709
509232605
509289977
509294969
509351909
509407877
509516333
509556293
509697005
509761985
509852585
509914445
509931293
509970413
509979245
510017705
510044549
510104225
510130193
510140165
510143165
510230885
510271733
510323129
510378413
510403517
510419693
510435365
510459737
510474809
510539153
510622937
510638609
510677789
510744869
510814757
510847253
510953177
511084049
511150373
511193357
511259249
511279469
511332965
511438025
511451609
511493153
511518293
511567577
511576469
511631765
511753253
511761137
511806629
511807457
511869905
511949417
512003609
512022269
512090453
512224277
512294837
512339693
512374313
512455577
512498669
512507189
512520473
512581097
512601797
512706065
512726333
512751089
512799197
512841413
512871965
512937017
512944325
512963945
513052613
513095345
513096905
513127769
513176513
513226349
513232277
513254837
513350465
513382709
513536513
513554177
513570893
513595697
513626705
513656213
513665153
513667613
513688769
513696137
513759425
513775865
513799865
513804113
513858149
513898733
514078085
514133033
514152257
514161317
514192553
514255337
514286597
514299917
514353113
514456697
514517837
514541237
514648697
514670525
514706489
514731953
514754525
514785629
514816949
514872125
514881893
514948133
514966577
514988909
514996613
515009009
515069237
515159789
515195189
515215313
515232989
515261813
515338337
515424665
515453813
515469953
515472593
515553185
515568533
515617925
515649653
515718833
515767145
515787605
515825957
515842097
515850005
515966009
516059993
516079757
516097877
516167825
516232913
516260009
516329105
516363665
516379325
516382097
516645917
516651233
516657845
516689885
516701885
516719825
516741497
516771533
516848657
516884849
516937949
517065233
517139957
517144565
517145825
517165277
517190957
517196285
517383185
517399109
517422605
517462397
517491845
517509269
517559105
517566353
517686377
517845893
517947689
517971377
517985837
517987205
518018129
518090177
518121533
518139857
518277557
518283605
518343689
518372669
518395373
518400365
518420825
518520233
518537093
518657825
518688929
518714033
518742833
518747153
518747213
518749253
518753897
518771393
518879309
518916485
519098357
519117317
519135233
519252569
519254669
519281813
519309437
519489773
519494237
519558173
519574145
519635357
519652133
519654365
519704897
519815789
519847769
519928277
519951089
520025213
520044293
520100549
520106237
520278485
520293353
520305257
520352045
520354457
520356689
520418909
520422557
520476569
520483037
520504265
520582097
520641173
520780673
520793789
520815869
520887569
520916513
520990349
521057849
521129753
521161493
521191637
521240969
521282045
521304329
521332445
521334509
521426417
521437325
521448089
521456717
521465825
521570969
521605637
521618105
521703329
521821577
521860865
521878973
521928569
521959205
521981405
522008033
522150545
522152369
522221237
522237833
522287825
522326669
522535697
522536897
522556493
522596309
522701453
522706973
522770549
522795473
522806789
522813029
522843677
522854213
522860273
522870893
522892649
522962009
522968153
522974753
523024565
523045277
523165205
523185989
523201445
523249697
523291805
523425953
523458305
523497017
523613237
523678013
523767593
523777157
523799993
523878893
523885733
523947389
523976957
523990625
524038649
524108669
524170373
524252933
524308589
524382293
524476949
524486837
524507525
524554577
524560385
524596085
524673185
524729129
524765357
524767409
524791709
524901773
524944349
525003617
525016565
525019733
525098069
525260837
525293969
525307445
525380825
525434297
525563645
525584045
525650093
525663545
525726353
525731693
525735833
525921989
525974657
526012469
526014173
526028993
526170497
526182305
526183493
526229477
526288133
526291097
526336349
526526453
526552745
526607453
526637873
526664045
526726253
526770149
526774133
526775885
526807313
526921877
526962437
527013017
527078369
527094365
527098745
527120993
527135333
527142965
527189165
527205869
527235209
527269817
527378789
527527925
527586437
527645357
527669825
527691569
527723489
527793977
527819345
527829569
527845805
527876033
527954369
527957297
528058025
528128657
528151865
528171965
528176645
528188609
528203837
528310649
528372053
528425813
528454013
528488609
528519173
528535637
528694037
528756185
528833885
528842969
528861005
529103249
529208753
529211213
529215029
529346633
529412969
529597325
529604177
529645865
529692917
529708157
529722749
529750649
529770893
529840997
529843745
529853345
529859873
529894289
529894817
529944329
529945937
529952297
530031209
530083445
530148065
530158349
530201573
530208809
530267657
530285129
530351237
530403497
530462789
530496677
530564045
530573165
530636729
530667389
530787773
530816993
530846429
530881877
530887577
530947733
531007373
531190385
531298037
531329093
531345437
531368837
531374633
531429293
531440285
531448025
531463733
531467573
531537725
531557165
531565565
531580493
531627209
531725753
531750929
531791537
531889457
531998537
532112525
532125809
532175729
532304813
532373069
532373489
532495349
532613645
532620449
532673609
532675037
532761293
532798673
532832117
532866005
532871237
532912853
532921157
532971893
532977245
533055389
533064365
533097257
533143337
533151797
533188169
533191625
533242289
533265533
533319953
533491217
533493089
533545793
533598545
533602793
533608673
533625233
533698289
533703773
533776865
533780357
533789297
533852213
533894285
533947985
533999753
534020309
534083513
534104789
534245345
534262817
534338537
534526205
534533933
534566417
534579833
534587285
534636257
534684605
534740525
534792173
534865313
534898265
534942833
534950657
534969569
535003757
535093109
535177325
535242557
535258109
535261265
535323593
535348853
535566605
535629389
535739669
535771145
535780385
535787897
535800725
535811393
535862729
535926809
535932965
535970909
536027873
536074853
536075657
536076797
536094713
536156369
536183753
536214713
536235137
536242517
536326529
536341205
536387645
536395637
536396585
536423549
536518937
536579393
536579669
536608709
536617289
536631149
536690525
536708369
536743493
536752637
536829989
536831357
536856317
536937029
536955557
537111137
537161033
537237029
537254225
537289085
537427553
537452933
537519233
537528785
537531665
537605369
537685877
537752453
537761957
537778013
537797009
537822905
537870317
537937697
537961985
537975365
537992357
538058549
538068797
538135949
538158965
538246313
538287485
538364069
538427513
538433117
538445009
538545665
538587773
538589297
538647665
538744637
538768793
538836113
538892417
538969817
539028257
539031329
539034053
539039213
539052689
539082113
539127485
539176553
539186369
539366873
539403977
539464145
539475245
539500973
539529785
539574533
539670437
539686589
539690693
539723489
539787713
539987465
540011693
540116393
540182909
540290957
540328505
540396773
540458993
540580913
540641393
540644333
540661673
540699017
540713333
540846437
540878033
540962117
540984377
541107113
541126193
541169573
541187513
541224449
541237073
541347737
541381013
541421165
541432289
541513817
541579073
541620665
541646189
541693529
541795565
541880717
541932917
541969553
542032289
542033705
542085557
542108657
542124065
542189465
542192957
542200265
542269385
542270237
542284817
542302913
542387657
542413205
542508809
542555585
542585285
542585513
542614733
542642309
542672933
542683733
542707193
542805329
542813069
542823365
542830289
543058313
543059573
543064277
543134957
543169529
543195353
543230393
543259589
543263885
543356645
543385745
543451205
543500189
543526289
543542969
543553109
543613517
543664913
543724865
543759965
543780665
543816005
543874817
543999893
544068257
544091429
544161485
544161905
544188377
544198817
544204529
544230737
544241249
544248785
544264973
544274849
544435289
544480853
544554413
544612397
544677593
544771829
544799045
544944749
544969505
545011997
545251769
545298905
545431085
545556185
545596745
545619437
545621693
545721617
545723045
545731253
545773973
546161633
546178625
546247073
546283097
546299249
546372005
546434669
546466193
546559409
546588365
546651689
546716825
546750113
546761873
546808169
546811469
546816317
546817997
546851549
546923333
547083965
547119557
547222613
547241369
547306253
547308689
547318769
547403645
547712873
547794125
547847993
547873313
547882193
547907273
547919573
547991597
548006309
548041817
548172605
548236709
548255189
548330657
548340233
548412893
548478953
548494013
548501897
548528825
548538113
548547605
548566205
548631089
548653349
548671913
548681717
548681729
548686325
549003137
549019889
549032945
549057149
549112289
549141185
549146729
549189077
549190193
549223025
549227537
549267593
549278885
549292853
549294893
549343997
549370637
549392033
549435797
549448673
549451757
549511985
549542465
549594449
549635153
549805469
549812057
549820193
549825317
549862073
549867317
549917669
549957845
549964373
549971873
549983789
550077545
550149053
550152569
550169765
550237757
550265213
550290353
550346069
550414637
550473497
550484297
550495385
550555205
550596989
550605689
550644533
550755149
550755425
550773977
550805729
550895045
550927193
551028077
551036657
551048777
551172413
551189309
551235713
551241233
551273309
551313509
551327393
551348945
551440853
551462273
551565365
551643257
551672537
551748425
551750729
551799773
551861813
551906549
551927285
552002765
552159473
552166649
552222065
552291029
552362237
552376745
552387785
552404837
552453317
552470105
552501545
552527837
552608753
552609053
552651833
552695933
552734225
552762725
552766049
552856949
552875477
552916889
552920273
552932129
552954569
552989813
553158953
553238993
553243013
553248065
553253333
553277297
553318025
553441577
553522637
553533785
553589489
553602545
553658357
553712249
553741553
553788149
553823333
553838573
553855817
553879469
553882673
553914833
553921289
554126297
554175173
554204969
554295137
554447225
554518997
554581217
554787869
554808797
554812517
554832317
554933645
554938817
555003425
555057125
555180065
555204245
555214685
555240209
555259505
555388937
555430469
555432653
555447317
555496865
555670613
555676889
555729005
555842549
555872117
555913733
555916385
555927845
555948809
555968189
556069757
556098365
556153613
556201385
556260893
556289153
556299233
556327085
556371137
556436789
556457069
556459613
556460633
556526729
556537685
556554785
556559165
556593089
556658777
556672589
556689533
556704293
556737125
556799669
556821257
556831685
556856297
556915829
556922237
556945169
556955117
556988057
557008817
557053325
557060477
557062829
557095769
557154905
557160965
557223833
557228885
557241977
557414297
557482145
557500493
557538785
557578769
557621957
557641697
557667065
557688725
557793449
557848877
557967593
558022913
558067013
558067793
558154709
558250733
558252437
558344009
558437969
558485117
558510869
558515969
558531893
558552929
558612773
558704465
558759785
558821897
558827273
558875129
558947357
559011617
559098893
559124237
559148513
559185029
559244957
559361165
559547645
559608665
559609085
559888925
559889897
559984985
560040149
560046365
560195633
560206085
560288645
560292629
560337797
560424077
560573465
560589545
560637185
560660825
560684429
560697053
560703353
560717057
560730209
560746793
560806037
560808137
560828189
560867597
560970317
561058097
561175469
561216473
561253217
561270725
561301217
561337253
561470525
561614813
561617825
561741173
561777653
561779369
561787745
561798569
561804869
561825857
561851465
561867305
561923393
562024205
562053713
562105853
562121897
562130993
562253693
562361957
562391465
562400429
562433213
562627925
562684169
562778537
562806389
562885205
562989713
563022425
563065817
563067929
563072333
563074673
563113625
563346473
563378933
563405273
563425817
563437109
563465489
563490329
563517077
563551685
563587529
563637509
563654813
563679005
563783909
563821853
563928389
564091673
564098513
564144269
564217337
564286709
564323597
564343973
564347945
564423677
564424469
564441017
564549893
564577325
564593909
564714965
564769085
564800237
564898865
564900857
565022129
565040729
565124717
565149533
565212473
565216385
565252757
565361093
565421969
565559837
565567817
565568189
565603997
565637189
565651085
565657349
565688969
565696229
565710857
565762529
565788209
565839497
565884173
565902893
566013509
566214449
566224109
566231729
566236385
566237525
566240813
566247413
566262029
566267177
566281565
566312513
566321909
566363225
566412605
566422085
566433137
566508509
566734553
566863673
566936717
566964437
567056189
567101489
567140105
567242357
567258425
567323537
567339209
567382925
567388325
567565589
567610733
567635993
567655697
567688097
567696833
567706037
567738713
567741989
567750557
567791117
567833885
567869237
567871517
567901193
567914417
567943109
568014857
568177865
568245677
568343417
568360685
568388225
568407689
568475045
568648193
568705877
568712285
568714145
568746785
568787177
568931273
568959929
568970465
568979369
569024837
569101397
569112533
569146073
569146553
569178413
569213957
569264549
569348309
569384309
569425265
569439137
569491073
569504033
569557409
569558153
569559437
569581109
569585657
569677097
569684057
569684969
569711465
569715653
569717165
569828813
569864693
569901497
569907677
569916689
569920145
570018317
570052745
570084389
570321233
570376565
570404645
570424625
570453017
570508457
570539525
570552893
570556325
570573029
570619649
570752129
570816989
570946589
570962033
571023377
571029425
571031549
571042625
571142057
571189685
571216517
571392449
571476125
571495217
571594085
571725557
571932389
571954613
571976285
571977797
571996505
572013065
572053937
572063393
572072945
572086889
572127653
572227565
572231237
572238173
572272037
572404493
572428337
572442989
572447405
572471633
572548805
572556149
572576213
572680193
572748557
572807369
572895869
572909477
572951093
572996897
573010373
573024605
573063545
573101273
573111809
573169325
573233969
573352937
573366269
573412433
573423689
573589829
573608813
573629477
573644369
573708509
573796193
573809453
573824177
573825173
573828629
573915473
573959429
574088705
574137677
574239569
574343117
574391585
574416533
574424285
574464605
574482605
574697369
574724393
574759853
574859705
574902389
574908113
574911809
574912265
574935413
574936925
574981505
575000693
575075345
575180417
575259929
575424389
575508245
575521085
575539949
575543165
575579597
575619149
575673533
575730485
575735417
575752997
575765009
575844617
575873357
575891693
575988773
576080933
576143357
576174809
576247565
576299165
576394553
576406433
576480353
576486257
576542429
576612737
576630437
576687989
576693869
576754937
576762005
576802457
576802769
576819977
576882089
576907709
577056317
577059197
577120169
577133753
577140317
577192013
577245593
577258433
577281449
577333277
577374629
577497065
577608329
577625069
577653965
577676813
577702949
577735973
577840913
577946453
577983473
577994009
578087837
578145665
578161553
578203745
578217377
578235953
578273273
578431577
578454017
578542637
578693609
578724017
578725745
578786765
578832905
578861225
578918429
578931029
578974637
579037133
579097193
579101573
579193385
579300677
579314957
579315989
579469937
579500789
579511985
579530537
579541817
579587273
579704357
579725849
579792113
579821525
579928793
579956573
580043369
580088429
580088705
580115093
580124885
580175597
580246565
580308893
580421093
580743485
580797473
580891553
581005097
581008229
581058317
581116913
581228333
581232593
581282129
581413253
581433965
581481197
581541773
581550497
581569877
581615825
581754785
581888537
581966285
582004025
582181037
582374573
582575285
582630653
582637289
582638129
582663893
582750929
582760589
582822329
582917573
582961133
582976265
583041185
583282349
583362437
583391009
583394357
583413125
583475033
583586153
583662737
583696097
583718429
583724525
583842113
583923077
583958645
584013905
584091653
584234033
584263469
584263757
584328773
584451557
584478893
584498477
584510105
584535293
584576705
584602805
584606453
584609177
584622737
584710433
584720393
584815613
585131249
585254453
585347633
585376673
585377273
585381893
585390545
585640805
585819617
585953045
585970025
585977777
586097057
586196633
586231349
586292213
586331849
586382297
586388477
586506809
586541537
586563473
586595297
586696097
586739045
586742609
586784909
586817525
586854677
586863833
586896533
586939253
586975985
587000585
587076953
587178077
587192849
587210657
587218745
587230433
587239385
587296433
587307185
587319737
587409173
587488397
587506577
587556809
587659493
587711477
587718545
587749697
587940617
588018725
588021617
588082853
588163565
588166145
588203777
588241433
588254597
588281609
588292517
588334073
588449513
588453725
588517733
588602105
588691037
588755789
588757265
588771533
588781397
588842993
588861605
588864917
588865793
588882005
588956333
589019753
589252577
589270517
589286237
589420349
589429037
589486829
589538753
589557617
589580837
589606925
589649957
589714325
589788653
589795385
589806185
589855853
589857929
589919117
589962953
590072165
590118977
590198717
590212649
590242793
590265737
590320685
590335913
590434433
590434613
590452733
590560829
590572013
590601953
590667545
590678705
590802209
590820437
590822957
590856533
590888813
590925893
590992697
591051293
591105569
591274577
591447533
591449297
591476177
591512765
591528509
591632669
591636305
591671249
591736157
591755837
591786305
591797273
591844673
591897065
591906509
591991553
592035305
592038389
592075889
592112153
592134893
592167029
592302245
592410545
592441205
592518077
592524965
592555289
592595237
592665197
592731737
592764173
592769885
592791473
592817513
592848977
592856417
592983377
593083385
593090957
593096417
593180189
593195405
593213537
593219969
593283797
593342273
593376617
593377145
593379029
593381933
593465393
593524037
593545049
593545757
593595149
593860013
593889329
593976473
594066329
594101033
594101897
594257873
594342077
594383753
594404825
594425369
594491729
594524789
594597857
594619637
594775445
594777653
594779165
594788645
594800477
594801617
594836477
594881825
594883673
594930593
594955625
594999845
595038665
595047485
595092077
595171997
595184789
595196153
595294757
595347689
595380509
595420313
595437245
595440425
595465505
595468277
595474829
595529129
595560413
595565429
595616969
595623965
595786733
595868969
595881509
596021285
596031377
596037797
596054225
596111573
596145077
596252333
596318273
596342417
596351957
596365697
596516645
596593577
596614913
596670653
596680829
596733533
596736473
596771117
596778137
596809589
596819045
596823413
596833625
596896817
596927357
596984045
597041753
597098993
597099965
597135365
597197273
597267905
597353945
597373073
597433037
597513389
597628625
597650273
597676577
597836537
597880337
597885077
597954617
597962585
597966005
598011557
598121273
598134317
598160093
598185845
598196213
598387037
598424309
598444937
598496309
598499777
598574753
598705085
598797533
598859117
598915937
598956917
598994393
599171873
599189273
599252753
599293409
599392493
599423705
599459249
599493269
599503313
599509349
599533733
599612873
599647565
599666609
599669225
599709089
599723069
599723765
599772929
599781629
599790293
599806193
599912309
